<?xml version="1.0" encoding="UTF-8" standalone="yes"?>
<LEAGUE>
	<PLAYER>
		<RANK>1</RANK>
		<NAME>Mike Trout</NAME>
		<TEAM>LAA</TEAM>
		<AB>602</AB>
		<R>115</R>
		<H>173</H>
		<HR>36</HR>
		<RBI>111</RBI>
		<BB>83</BB>
		<SO>184</SO>
		<AVG>0.287</AVG>
		<WAR>7.9</WAR>
	</PLAYER>
	<PLAYER>
		<RANK>2</RANK>
		<NAME>Josh Donaldson</NAME>
		<TEAM>OAK</TEAM>
		<AB>608</AB>
		<R>93</R>
		<H>155</H>
		<HR>29</HR>
		<RBI>98</RBI>
		<BB>76</BB>
		<SO>130</SO>
		<AVG>0.255</AVG>
		<WAR>7.4</WAR>
	</PLAYER>
	<PLAYER>
		<RANK>3</RANK>
		<NAME>Adrian Beltre</NAME>
		<TEAM>TEX</TEAM>
		<AB>549</AB>
		<R>79</R>
		<H>178</H>
		<HR>19</HR>
		<RBI>77</RBI>
		<BB>57</BB>
		<SO>74</SO>
		<AVG>0.324</AVG>
		<WAR>7</WAR>
	</PLAYER>
	<PLAYER>
		<RANK>4</RANK>
		<NAME>Michael Brantley</NAME>
		<TEAM>CLE</TEAM>
		<AB>611</AB>
		<R>94</R>
		<H>200</H>
		<HR>20</HR>
		<RBI>97</RBI>
		<BB>52</BB>
		<SO>56</SO>
		<AVG>0.327</AVG>
		<WAR>7</WAR>
	</PLAYER>
	<PLAYER>
		<RANK>5</RANK>
		<NAME>Alex Gordon</NAME>
		<TEAM>KC</TEAM>
		<AB>563</AB>
		<R>87</R>
		<H>150</H>
		<HR>19</HR>
		<RBI>74</RBI>
		<BB>65</BB>
		<SO>126</SO>
		<AVG>0.266</AVG>
		<WAR>6.6</WAR>
	</PLAYER>
	<PLAYER>
		<RANK>6</RANK>
		<NAME>Robinson Cano</NAME>
		<TEAM>SEA</TEAM>
		<AB>595</AB>
		<R>77</R>
		<H>187</H>
		<HR>14</HR>
		<RBI>82</RBI>
		<BB>61</BB>
		<SO>68</SO>
		<AVG>0.314</AVG>
		<WAR>6.4</WAR>
	</PLAYER>
	<PLAYER>
		<RANK>7</RANK>
		<NAME>Jose Bautista</NAME>
		<TEAM>TOR</TEAM>
		<AB>553</AB>
		<R>101</R>
		<H>158</H>
		<HR>35</HR>
		<RBI>103</RBI>
		<BB>104</BB>
		<SO>96</SO>
		<AVG>0.286</AVG>
		<WAR>6</WAR>
	</PLAYER>
	<PLAYER>
		<RANK>8</RANK>
		<NAME>Jose Altuve</NAME>
		<TEAM>HOU</TEAM>
		<AB>660</AB>
		<R>85</R>
		<H>225</H>
		<HR>7</HR>
		<RBI>59</RBI>
		<BB>36</BB>
		<SO>53</SO>
		<AVG>0.341</AVG>
		<WAR>6</WAR>
	</PLAYER>
	<PLAYER>
		<RANK>9</RANK>
		<NAME>Steve Pearce</NAME>
		<TEAM>BAL</TEAM>
		<AB>338</AB>
		<R>51</R>
		<H>99</H>
		<HR>21</HR>
		<RBI>49</RBI>
		<BB>40</BB>
		<SO>76</SO>
		<AVG>0.293</AVG>
		<WAR>6</WAR>
	</PLAYER>
	<PLAYER>
		<RANK>10</RANK>
		<NAME>Kyle Seager</NAME>
		<TEAM>SEA</TEAM>
		<AB>590</AB>
		<R>71</R>
		<H>158</H>
		<HR>25</HR>
		<RBI>96</RBI>
		<BB>52</BB>
		<SO>118</SO>
		<AVG>0.268</AVG>
		<WAR>5.8</WAR>
	</PLAYER>
	<PLAYER>
		<RANK>11</RANK>
		<NAME>Ian Kinsler</NAME>
		<TEAM>DET</TEAM>
		<AB>684</AB>
		<R>100</R>
		<H>188</H>
		<HR>17</HR>
		<RBI>92</RBI>
		<BB>29</BB>
		<SO>79</SO>
		<AVG>0.275</AVG>
		<WAR>5.5</WAR>
	</PLAYER>
	<PLAYER>
		<RANK>12</RANK>
		<NAME>Jose Abreu</NAME>
		<TEAM>CHW</TEAM>
		<AB>556</AB>
		<R>80</R>
		<H>176</H>
		<HR>36</HR>
		<RBI>107</RBI>
		<BB>51</BB>
		<SO>131</SO>
		<AVG>0.317</AVG>
		<WAR>5.5</WAR>
	</PLAYER>
	<PLAYER>
		<RANK>13</RANK>
		<NAME>Howie Kendrick</NAME>
		<TEAM>LAA</TEAM>
		<AB>617</AB>
		<R>85</R>
		<H>181</H>
		<HR>7</HR>
		<RBI>75</RBI>
		<BB>48</BB>
		<SO>110</SO>
		<AVG>0.293</AVG>
		<WAR>5.4</WAR>
	</PLAYER>
	<PLAYER>
		<RANK>14</RANK>
		<NAME>Victor Martinez</NAME>
		<TEAM>DET</TEAM>
		<AB>561</AB>
		<R>87</R>
		<H>188</H>
		<HR>32</HR>
		<RBI>103</RBI>
		<BB>70</BB>
		<SO>42</SO>
		<AVG>0.335</AVG>
		<WAR>5.3</WAR>
	</PLAYER>
	<PLAYER>
		<RANK>15</RANK>
		<NAME>Adam Eaton</NAME>
		<TEAM>CHW</TEAM>
		<AB>486</AB>
		<R>76</R>
		<H>146</H>
		<HR>1</HR>
		<RBI>35</RBI>
		<BB>43</BB>
		<SO>83</SO>
		<AVG>0.3</AVG>
		<WAR>5.2</WAR>
	</PLAYER>
	<PLAYER>
		<RANK>16</RANK>
		<NAME>Brian Dozier</NAME>
		<TEAM>MIN</TEAM>
		<AB>598</AB>
		<R>112</R>
		<H>145</H>
		<HR>23</HR>
		<RBI>71</RBI>
		<BB>89</BB>
		<SO>129</SO>
		<AVG>0.242</AVG>
		<WAR>5.2</WAR>
	</PLAYER>
	<PLAYER>
		<RANK>17</RANK>
		<NAME>Lorenzo Cain</NAME>
		<TEAM>KC</TEAM>
		<AB>471</AB>
		<R>55</R>
		<H>142</H>
		<HR>5</HR>
		<RBI>53</RBI>
		<BB>24</BB>
		<SO>108</SO>
		<AVG>0.301</AVG>
		<WAR>5</WAR>
	</PLAYER>
	<PLAYER>
		<RANK>18</RANK>
		<NAME>Ben Zobrist</NAME>
		<TEAM>TB</TEAM>
		<AB>570</AB>
		<R>83</R>
		<H>155</H>
		<HR>10</HR>
		<RBI>52</RBI>
		<BB>75</BB>
		<SO>84</SO>
		<AVG>0.272</AVG>
		<WAR>5</WAR>
	</PLAYER>
	<PLAYER>
		<RANK>19</RANK>
		<NAME>Adam Jones</NAME>
		<TEAM>BAL</TEAM>
		<AB>644</AB>
		<R>88</R>
		<H>181</H>
		<HR>29</HR>
		<RBI>96</RBI>
		<BB>19</BB>
		<SO>133</SO>
		<AVG>0.281</AVG>
		<WAR>4.9</WAR>
	</PLAYER>
	<PLAYER>
		<RANK>20</RANK>
		<NAME>Miguel Cabrera</NAME>
		<TEAM>DET</TEAM>
		<AB>611</AB>
		<R>101</R>
		<H>191</H>
		<HR>25</HR>
		<RBI>109</RBI>
		<BB>60</BB>
		<SO>117</SO>
		<AVG>0.313</AVG>
		<WAR>4.9</WAR>
	</PLAYER>
	<PLAYER>
		<RANK>21</RANK>
		<NAME>Dustin Pedroia</NAME>
		<TEAM>BOS</TEAM>
		<AB>551</AB>
		<R>72</R>
		<H>153</H>
		<HR>7</HR>
		<RBI>53</RBI>
		<BB>51</BB>
		<SO>75</SO>
		<AVG>0.278</AVG>
		<WAR>4.8</WAR>
	</PLAYER>
	<PLAYER>
		<RANK>22</RANK>
		<NAME>Nelson Cruz</NAME>
		<TEAM>BAL</TEAM>
		<AB>613</AB>
		<R>87</R>
		<H>166</H>
		<HR>40</HR>
		<RBI>108</RBI>
		<BB>55</BB>
		<SO>140</SO>
		<AVG>0.271</AVG>
		<WAR>4.7</WAR>
	</PLAYER>
	<PLAYER>
		<RANK>23</RANK>
		<NAME>Leonys Martin</NAME>
		<TEAM>TEX</TEAM>
		<AB>533</AB>
		<R>68</R>
		<H>146</H>
		<HR>7</HR>
		<RBI>40</RBI>
		<BB>39</BB>
		<SO>114</SO>
		<AVG>0.274</AVG>
		<WAR>4.6</WAR>
	</PLAYER>
	<PLAYER>
		<RANK>24</RANK>
		<NAME>Yan Gomes</NAME>
		<TEAM>CLE</TEAM>
		<AB>485</AB>
		<R>61</R>
		<H>135</H>
		<HR>21</HR>
		<RBI>74</RBI>
		<BB>24</BB>
		<SO>120</SO>
		<AVG>0.278</AVG>
		<WAR>4.4</WAR>
	</PLAYER>
	<PLAYER>
		<RANK>25</RANK>
		<NAME>J.D. Martinez</NAME>
		<TEAM>DET</TEAM>
		<AB>441</AB>
		<R>57</R>
		<H>139</H>
		<HR>23</HR>
		<RBI>76</RBI>
		<BB>30</BB>
		<SO>126</SO>
		<AVG>0.315</AVG>
		<WAR>4.2</WAR>
	</PLAYER>
	<PLAYER>
		<RANK>26</RANK>
		<NAME>Kole Calhoun</NAME>
		<TEAM>LAA</TEAM>
		<AB>493</AB>
		<R>90</R>
		<H>134</H>
		<HR>17</HR>
		<RBI>58</RBI>
		<BB>38</BB>
		<SO>104</SO>
		<AVG>0.272</AVG>
		<WAR>4.1</WAR>
	</PLAYER>
	<PLAYER>
		<RANK>27</RANK>
		<NAME>Brett Gardner</NAME>
		<TEAM>NYY</TEAM>
		<AB>555</AB>
		<R>87</R>
		<H>142</H>
		<HR>17</HR>
		<RBI>58</RBI>
		<BB>56</BB>
		<SO>134</SO>
		<AVG>0.256</AVG>
		<WAR>4</WAR>
	</PLAYER>
	<PLAYER>
		<RANK>28</RANK>
		<NAME>Trevor Plouffe</NAME>
		<TEAM>MIN</TEAM>
		<AB>520</AB>
		<R>69</R>
		<H>134</H>
		<HR>14</HR>
		<RBI>80</RBI>
		<BB>53</BB>
		<SO>109</SO>
		<AVG>0.258</AVG>
		<WAR>3.9</WAR>
	</PLAYER>
	<PLAYER>
		<RANK>29</RANK>
		<NAME>Albert Pujols</NAME>
		<TEAM>LAA</TEAM>
		<AB>633</AB>
		<R>89</R>
		<H>172</H>
		<HR>28</HR>
		<RBI>105</RBI>
		<BB>48</BB>
		<SO>71</SO>
		<AVG>0.272</AVG>
		<WAR>3.9</WAR>
	</PLAYER>
	<PLAYER>
		<RANK>30</RANK>
		<NAME>Erick Aybar</NAME>
		<TEAM>LAA</TEAM>
		<AB>589</AB>
		<R>77</R>
		<H>164</H>
		<HR>7</HR>
		<RBI>68</RBI>
		<BB>36</BB>
		<SO>62</SO>
		<AVG>0.278</AVG>
		<WAR>3.9</WAR>
	</PLAYER>
	<PLAYER>
		<RANK>31</RANK>
		<NAME>Danny Santana</NAME>
		<TEAM>MIN</TEAM>
		<AB>405</AB>
		<R>70</R>
		<H>129</H>
		<HR>7</HR>
		<RBI>40</RBI>
		<BB>19</BB>
		<SO>98</SO>
		<AVG>0.319</AVG>
		<WAR>3.9</WAR>
	</PLAYER>
	<PLAYER>
		<RANK>32</RANK>
		<NAME>Kevin Kiermaier</NAME>
		<TEAM>TB</TEAM>
		<AB>331</AB>
		<R>35</R>
		<H>87</H>
		<HR>10</HR>
		<RBI>35</RBI>
		<BB>23</BB>
		<SO>71</SO>
		<AVG>0.263</AVG>
		<WAR>3.7</WAR>
	</PLAYER>
	<PLAYER>
		<RANK>33</RANK>
		<NAME>Edwin Encarnacion</NAME>
		<TEAM>TOR</TEAM>
		<AB>477</AB>
		<R>75</R>
		<H>128</H>
		<HR>34</HR>
		<RBI>98</RBI>
		<BB>62</BB>
		<SO>82</SO>
		<AVG>0.268</AVG>
		<WAR>3.6</WAR>
	</PLAYER>
	<PLAYER>
		<RANK>34</RANK>
		<NAME>Josh Reddick</NAME>
		<TEAM>OAK</TEAM>
		<AB>363</AB>
		<R>53</R>
		<H>96</H>
		<HR>12</HR>
		<RBI>54</RBI>
		<BB>28</BB>
		<SO>63</SO>
		<AVG>0.264</AVG>
		<WAR>3.5</WAR>
	</PLAYER>
	<PLAYER>
		<RANK>35</RANK>
		<NAME>Evan Longoria</NAME>
		<TEAM>TB</TEAM>
		<AB>624</AB>
		<R>83</R>
		<H>158</H>
		<HR>22</HR>
		<RBI>91</RBI>
		<BB>57</BB>
		<SO>133</SO>
		<AVG>0.253</AVG>
		<WAR>3.4</WAR>
	</PLAYER>
	<PLAYER>
		<RANK>36</RANK>
		<NAME>J.J. Hardy</NAME>
		<TEAM>BAL</TEAM>
		<AB>529</AB>
		<R>56</R>
		<H>142</H>
		<HR>9</HR>
		<RBI>52</RBI>
		<BB>29</BB>
		<SO>104</SO>
		<AVG>0.268</AVG>
		<WAR>3.4</WAR>
	</PLAYER>
	<PLAYER>
		<RANK>37</RANK>
		<NAME>Salvador Perez</NAME>
		<TEAM>KC</TEAM>
		<AB>578</AB>
		<R>57</R>
		<H>150</H>
		<HR>17</HR>
		<RBI>70</RBI>
		<BB>22</BB>
		<SO>85</SO>
		<AVG>0.26</AVG>
		<WAR>3.4</WAR>
	</PLAYER>
	<PLAYER>
		<RANK>38</RANK>
		<NAME>Jacoby Ellsbury</NAME>
		<TEAM>NYY</TEAM>
		<AB>575</AB>
		<R>71</R>
		<H>156</H>
		<HR>16</HR>
		<RBI>70</RBI>
		<BB>49</BB>
		<SO>93</SO>
		<AVG>0.271</AVG>
		<WAR>3.3</WAR>
	</PLAYER>
	<PLAYER>
		<RANK>29</RANK>
		<NAME>Daniel Nava</NAME>
		<TEAM>BOS</TEAM>
		<AB>363</AB>
		<R>41</R>
		<H>98</H>
		<HR>4</HR>
		<RBI>37</RBI>
		<BB>33</BB>
		<SO>81</SO>
		<AVG>0.27</AVG>
		<WAR>3.3</WAR>
	</PLAYER>
	<PLAYER>
		<RANK>40</RANK>
		<NAME>Desmond Jennings</NAME>
		<TEAM>TB</TEAM>
		<AB>479</AB>
		<R>64</R>
		<H>117</H>
		<HR>10</HR>
		<RBI>36</RBI>
		<BB>47</BB>
		<SO>108</SO>
		<AVG>0.244</AVG>
		<WAR>3.3</WAR>
	</PLAYER>
</LEAGUE>