<?xml version="1.0" encoding="UTF-8" standalone="yes"?>
<LEAGUE>
	<PLAYER>
		<RANK>1</RANK>
		<NAME>Jonathan Lucroy</NAME>
		<TEAM>MIL</TEAM>
		<AB>585</AB>
		<R>73</R>
		<H>176</H>
		<HR>13</HR>
		<RBI>69</RBI>
		<BB>66</BB>
		<SO>71</SO>
		<AVG>0.301</AVG>
		<WAR>6.7</WAR>
	</PLAYER>
	<PLAYER>
		<RANK>2</RANK>
		<NAME>Anthony Rendon</NAME>
		<TEAM>WSH</TEAM>
		<AB>613</AB>
		<R>111</R>
		<H>176</H>
		<HR>21</HR>
		<RBI>83</RBI>
		<BB>58</BB>
		<SO>104</SO>
		<AVG>0.287</AVG>
		<WAR>6.5</WAR>
	</PLAYER>
	<PLAYER>
		<RANK>3</RANK>
		<NAME>Giancarlo Stanton</NAME>
		<TEAM>MIA</TEAM>
		<AB>539</AB>
		<R>89</R>
		<H>155</H>
		<HR>37</HR>
		<RBI>105</RBI>
		<BB>94</BB>
		<SO>170</SO>
		<AVG>0.288</AVG>
		<WAR>6.5</WAR>
	</PLAYER>
	<PLAYER>
		<RANK>4</RANK>
		<NAME>Andrew McCutchen</NAME>
		<TEAM>PIT</TEAM>
		<AB>548</AB>
		<R>89</R>
		<H>172</H>
		<HR>25</HR>
		<RBI>83</RBI>
		<BB>84</BB>
		<SO>115</SO>
		<AVG>0.314</AVG>
		<WAR>6.4</WAR>
	</PLAYER>
	<PLAYER>
		<RANK>5</RANK>
		<NAME>Jason Heyward</NAME>
		<TEAM>ATL</TEAM>
		<AB>573</AB>
		<R>74</R>
		<H>155</H>
		<HR>11</HR>
		<RBI>58</RBI>
		<BB>67</BB>
		<SO>98</SO>
		<AVG>0.271</AVG>
		<WAR>6.4</WAR>
	</PLAYER>
	<PLAYER>
		<RANK>6</RANK>
		<NAME>Jhonny Peralta</NAME>
		<TEAM>STL</TEAM>
		<AB>560</AB>
		<R>61</R>
		<H>147</H>
		<HR>21</HR>
		<RBI>75</RBI>
		<BB>58</BB>
		<SO>112</SO>
		<AVG>0.263</AVG>
		<WAR>5.8</WAR>
	</PLAYER>
	<PLAYER>
		<RANK>7</RANK>
		<NAME>Juan Lagares</NAME>
		<TEAM>NYM</TEAM>
		<AB>416</AB>
		<R>46</R>
		<H>117</H>
		<HR>4</HR>
		<RBI>47</RBI>
		<BB>20</BB>
		<SO>87</SO>
		<AVG>0.281</AVG>
		<WAR>5.5</WAR>
	</PLAYER>
	<PLAYER>
		<RANK>8</RANK>
		<NAME>Russell Martin</NAME>
		<TEAM>PIT</TEAM>
		<AB>379</AB>
		<R>45</R>
		<H>110</H>
		<HR>11</HR>
		<RBI>67</RBI>
		<BB>59</BB>
		<SO>78</SO>
		<AVG>0.29</AVG>
		<WAR>5.5</WAR>
	</PLAYER>
	<PLAYER>
		<RANK>9</RANK>
		<NAME>Troy Tulowitzki</NAME>
		<TEAM>COL</TEAM>
		<AB>315</AB>
		<R>71</R>
		<H>107</H>
		<HR>21</HR>
		<RBI>52</RBI>
		<BB>50</BB>
		<SO>57</SO>
		<AVG>0.34</AVG>
		<WAR>5.5</WAR>
	</PLAYER>
	<PLAYER>
		<RANK>10</RANK>
		<NAME>Yasiel Puig</NAME>
		<TEAM>LAD</TEAM>
		<AB>558</AB>
		<R>92</R>
		<H>165</H>
		<HR>16</HR>
		<RBI>69</RBI>
		<BB>67</BB>
		<SO>124</SO>
		<AVG>0.296</AVG>
		<WAR>5.4</WAR>
	</PLAYER>
	<PLAYER>
		<RANK>11</RANK>
		<NAME>Todd Frazier</NAME>
		<TEAM>CIN</TEAM>
		<AB>597</AB>
		<R>88</R>
		<H>163</H>
		<HR>29</HR>
		<RBI>80</RBI>
		<BB>52</BB>
		<SO>139</SO>
		<AVG>0.273</AVG>
		<WAR>5.3</WAR>
	</PLAYER>
	<PLAYER>
		<RANK>12</RANK>
		<NAME>Josh Harrison</NAME>
		<TEAM>PIT</TEAM>
		<AB>520</AB>
		<R>77</R>
		<H>164</H>
		<HR>13</HR>
		<RBI>52</RBI>
		<BB>22</BB>
		<SO>81</SO>
		<AVG>0.315</AVG>
		<WAR>5.3</WAR>
	</PLAYER>
	<PLAYER>
		<RANK>13</RANK>
		<NAME>Buster Posey</NAME>
		<TEAM>SF</TEAM>
		<AB>547</AB>
		<R>72</R>
		<H>170</H>
		<HR>22</HR>
		<RBI>89</RBI>
		<BB>47</BB>
		<SO>69</SO>
		<AVG>0.311</AVG>
		<WAR>5.2</WAR>
	</PLAYER>
	<PLAYER>
		<RANK>14</RANK>
		<NAME>Starling Marte</NAME>
		<TEAM>PIT</TEAM>
		<AB>495</AB>
		<R>73</R>
		<H>144</H>
		<HR>13</HR>
		<RBI>56</RBI>
		<BB>33</BB>
		<SO>131</SO>
		<AVG>0.291</AVG>
		<WAR>5.1</WAR>
	</PLAYER>
	<PLAYER>
		<RANK>15</RANK>
		<NAME>Anthony Rizzo</NAME>
		<TEAM>CHC</TEAM>
		<AB>524</AB>
		<R>89</R>
		<H>150</H>
		<HR>32</HR>
		<RBI>78</RBI>
		<BB>73</BB>
		<SO>116</SO>
		<AVG>0.286</AVG>
		<WAR>5.1</WAR>
	</PLAYER>
	<PLAYER>
		<RANK>16</RANK>
		<NAME>Devin Mesoraco</NAME>
		<TEAM>CIN</TEAM>
		<AB>384</AB>
		<R>54</R>
		<H>105</H>
		<HR>25</HR>
		<RBI>80</RBI>
		<BB>41</BB>
		<SO>103</SO>
		<AVG>0.273</AVG>
		<WAR>4.8</WAR>
	</PLAYER>
	<PLAYER>
		<RANK>17</RANK>
		<NAME>Carlos Gomez</NAME>
		<TEAM>MIL</TEAM>
		<AB>574</AB>
		<R>95</R>
		<H>163</H>
		<HR>23</HR>
		<RBI>73</RBI>
		<BB>47</BB>
		<SO>141</SO>
		<AVG>0.284</AVG>
		<WAR>4.8</WAR>
	</PLAYER>
	<PLAYER>
		<RANK>18</RANK>
		<NAME>Paul Goldschmidt</NAME>
		<TEAM>ARI</TEAM>
		<AB>406</AB>
		<R>75</R>
		<H>122</H>
		<HR>19</HR>
		<RBI>69</RBI>
		<BB>64</BB>
		<SO>110</SO>
		<AVG>0.3</AVG>
		<WAR>4.5</WAR>
	</PLAYER>
	<PLAYER>
		<RANK>19</RANK>
		<NAME>Marcell Ozuna</NAME>
		<TEAM>MIA</TEAM>
		<AB>565</AB>
		<R>72</R>
		<H>152</H>
		<HR>23</HR>
		<RBI>85</RBI>
		<BB>41</BB>
		<SO>164</SO>
		<AVG>0.269</AVG>
		<WAR>4.4</WAR>
	</PLAYER>
	<PLAYER>
		<RANK>20</RANK>
		<NAME>Justin Turner</NAME>
		<TEAM>LAD</TEAM>
		<AB>288</AB>
		<R>46</R>
		<H>98</H>
		<HR>7</HR>
		<RBI>43</RBI>
		<BB>28</BB>
		<SO>58</SO>
		<AVG>0.34</AVG>
		<WAR>4.3</WAR>
	</PLAYER>
	<PLAYER>
		<RANK>21</RANK>
		<NAME>Nolan Arenado</NAME>
		<TEAM>COL</TEAM>
		<AB>432</AB>
		<R>58</R>
		<H>124</H>
		<HR>18</HR>
		<RBI>61</RBI>
		<BB>25</BB>
		<SO>58</SO>
		<AVG>0.287</AVG>
		<WAR>4.1</WAR>
	</PLAYER>
	<PLAYER>
		<RANK>22</RANK>
		<NAME>Juan Uribe</NAME>
		<TEAM>LAD</TEAM>
		<AB>386</AB>
		<R>36</R>
		<H>120</H>
		<HR>9</HR>
		<RBI>54</RBI>
		<BB>15</BB>
		<SO>77</SO>
		<AVG>0.311</AVG>
		<WAR>4</WAR>
	</PLAYER>
	<PLAYER>
		<RANK>23</RANK>
		<NAME>Jayson Werth</NAME>
		<TEAM>WSH</TEAM>
		<AB>534</AB>
		<R>85</R>
		<H>156</H>
		<HR>16</HR>
		<RBI>82</RBI>
		<BB>83</BB>
		<SO>113</SO>
		<AVG>0.292</AVG>
		<WAR>4</WAR>
	</PLAYER>
	<PLAYER>
		<RANK>24</RANK>
		<NAME>Jimmy Rollins</NAME>
		<TEAM>PHI</TEAM>
		<AB>538</AB>
		<R>78</R>
		<H>131</H>
		<HR>17</HR>
		<RBI>55</RBI>
		<BB>64</BB>
		<SO>100</SO>
		<AVG>0.243</AVG>
		<WAR>3.9</WAR>
	</PLAYER>
	<PLAYER>
		<RANK>25</RANK>
		<NAME>A.J. Pollock</NAME>
		<TEAM>ARI</TEAM>
		<AB>265</AB>
		<R>41</R>
		<H>80</H>
		<HR>7</HR>
		<RBI>24</RBI>
		<BB>19</BB>
		<SO>46</SO>
		<AVG>0.302</AVG>
		<WAR>3.9</WAR>
	</PLAYER>
	<PLAYER>
		<RANK>26</RANK>
		<NAME>Seth Smith</NAME>
		<TEAM>SD</TEAM>
		<AB>443</AB>
		<R>55</R>
		<H>118</H>
		<HR>12</HR>
		<RBI>48</RBI>
		<BB>69</BB>
		<SO>87</SO>
		<AVG>0.266</AVG>
		<WAR>3.9</WAR>
	</PLAYER>
	<PLAYER>
		<RANK>27</RANK>
		<NAME>Adrian Gonzalez</NAME>
		<TEAM>LAD</TEAM>
		<AB>591</AB>
		<R>83</R>
		<H>163</H>
		<HR>27</HR>
		<RBI>116</RBI>
		<BB>56</BB>
		<SO>112</SO>
		<AVG>0.276</AVG>
		<WAR>3.9</WAR>
	</PLAYER>
	<PLAYER>
		<RANK>28</RANK>
		<NAME>Ian Desmond</NAME>
		<TEAM>WSH</TEAM>
		<AB>593</AB>
		<R>73</R>
		<H>151</H>
		<HR>24</HR>
		<RBI>91</RBI>
		<BB>46</BB>
		<SO>183</SO>
		<AVG>0.255</AVG>
		<WAR>3.8</WAR>
	</PLAYER>
	<PLAYER>
		<RANK>29</RANK>
		<NAME>Lucas Duda</NAME>
		<TEAM>NYM</TEAM>
		<AB>514</AB>
		<R>74</R>
		<H>130</H>
		<HR>30</HR>
		<RBI>92</RBI>
		<BB>69</BB>
		<SO>135</SO>
		<AVG>0.253</AVG>
		<WAR>3.7</WAR>
	</PLAYER>
	<PLAYER>
		<RANK>30</RANK>
		<NAME>Ender Inciarte</NAME>
		<TEAM>ARI</TEAM>
		<AB>418</AB>
		<R>54</R>
		<H>116</H>
		<HR>4</HR>
		<RBI>27</RBI>
		<BB>25</BB>
		<SO>53</SO>
		<AVG>0.278</AVG>
		<WAR>3.7</WAR>
	</PLAYER>
	<PLAYER>
		<RANK>31</RANK>
		<NAME>Chase Utley</NAME>
		<TEAM>PHI</TEAM>
		<AB>589</AB>
		<R>74</R>
		<H>159</H>
		<HR>11</HR>
		<RBI>78</RBI>
		<BB>53</BB>
		<SO>85</SO>
		<AVG>0.27</AVG>
		<WAR>3.6</WAR>
	</PLAYER>
	<PLAYER>
		<RANK>32</RANK>
		<NAME>Denard Span</NAME>
		<TEAM>WSH</TEAM>
		<AB>610</AB>
		<R>94</R>
		<H>184</H>
		<HR>5</HR>
		<RBI>37</RBI>
		<BB>50</BB>
		<SO>65</SO>
		<AVG>0.302</AVG>
		<WAR>3.6</WAR>
	</PLAYER>
	<PLAYER>
		<RANK>33</RANK>
		<NAME>Christian Yelich</NAME>
		<TEAM>MIA</TEAM>
		<AB>582</AB>
		<R>94</R>
		<H>165</H>
		<HR>9</HR>
		<RBI>54</RBI>
		<BB>70</BB>
		<SO>137</SO>
		<AVG>0.284</AVG>
		<WAR>3.6</WAR>
	</PLAYER>
	<PLAYER>
		<RANK>34</RANK>
		<NAME>Hunter Pence</NAME>
		<TEAM>SF</TEAM>
		<AB>650</AB>
		<R>106</R>
		<H>180</H>
		<HR>20</HR>
		<RBI>74</RBI>
		<BB>52</BB>
		<SO>130</SO>
		<AVG>0.277</AVG>
		<WAR>3.6</WAR>
	</PLAYER>
	<PLAYER>
		<RANK>35</RANK>
		<NAME>Neil Walker</NAME>
		<TEAM>PIT</TEAM>
		<AB>512</AB>
		<R>74</R>
		<H>139</H>
		<HR>23</HR>
		<RBI>76</RBI>
		<BB>45</BB>
		<SO>88</SO>
		<AVG>0.271</AVG>
		<WAR>3.6</WAR>
	</PLAYER>
	<PLAYER>
		<RANK>36</RANK>
		<NAME>Hanley Ramirez</NAME>
		<TEAM>LAD</TEAM>
		<AB>449</AB>
		<R>64</R>
		<H>127</H>
		<HR>13</HR>
		<RBI>71</RBI>
		<BB>56</BB>
		<SO>84</SO>
		<AVG>0.283</AVG>
		<WAR>3.5</WAR>
	</PLAYER>
	<PLAYER>
		<RANK>37</RANK>
		<NAME>Andrelton Simmons</NAME>
		<TEAM>ATL</TEAM>
		<AB>540</AB>
		<R>44</R>
		<H>132</H>
		<HR>7</HR>
		<RBI>46</RBI>
		<BB>32</BB>
		<SO>60</SO>
		<AVG>0.244</AVG>
		<WAR>3.5</WAR>
	</PLAYER>
	<PLAYER>
		<RANK>38</RANK>
		<NAME>Corey Dickerson</NAME>
		<TEAM>COL</TEAM>
		<AB>436</AB>
		<R>74</R>
		<H>136</H>
		<HR>24</HR>
		<RBI>76</RBI>
		<BB>37</BB>
		<SO>101</SO>
		<AVG>0.312</AVG>
		<WAR>3.4</WAR>
	</PLAYER>
	<PLAYER>
		<RANK>39</RANK>
		<NAME>Matt Holliday</NAME>
		<TEAM>STL</TEAM>
		<AB>574</AB>
		<R>83</R>
		<H>156</H>
		<HR>20</HR>
		<RBI>90</RBI>
		<BB>74</BB>
		<SO>100</SO>
		<AVG>0.272</AVG>
		<WAR>3.4</WAR>
	</PLAYER>
	<PLAYER>
		<RANK>40</RANK>
		<NAME>Pablo Sandoval</NAME>
		<TEAM>SF</TEAM>
		<AB>588</AB>
		<R>68</R>
		<H>164</H>
		<HR>16</HR>
		<RBI>73</RBI>
		<BB>39</BB>
		<SO>85</SO>
		<AVG>0.279</AVG>
		<WAR>3.4</WAR>
	</PLAYER>
</LEAGUE>