<modsCollection xmlns:xlink="http://www.w3.org/1999/xlink" xmlns:xsi="http://www.w3.org/2001/XMLSchema-instance" xmlns="http://www.loc.gov/mods/v3" xsi:schemaLocation="http://www.loc.gov/mods/v3 http://www.loc.gov/standards/mods/v3/mods-3-3.xsd">
<mods version="3.3">
  	<titleInfo>
  	  	<title></title>
  	</titleInfo>
  	<name type="personal">
  	  	<namePart></namePart>
  	</name>
  	<genre></genre>
  	<originInfo>
  	  	<dateCaptured point="start" encoding="iso8601"> </dateCaptured>
  	  	<dateCaptured point="end" encoding="iso8601"></dateCaptured>
  	</originInfo>
  	<language>
  	  	<languageTerm authority="iso639-2b"></languageTerm>
  	</language>
  	<physicalDescription>
  	  	<mediaType></mediaType>
  	  	<mediaType></mediaType>
  	</physicalDescription>
  	<abstract></abstract>
  	<subject>
  	  	<topic></topic>
  	  	<geographic></geographic>
  	</subject>
  	<subject>
  	  	<topic></topic>
  	  	<geographic></geographic>
  	</subject>
  	<subject>
  	  	<topic></topic>
  	</subject>
  	<relatedItem type="host">
  	  	<titleInfo>
  	  	  	<title></title>
  	  	</titleInfo>
  	  	<location>
  	  	  	<url></url>
  	  	</location>
  	</relatedItem>
  	<location>
  	  	<url></url>
  	</location>
</mods>
</modsCollection>