﻿<?xml version="1.0"?>
<?xml-stylesheet type="text/xsl" href="eadcbs6-su1_mw_no_series.xsl"?> 

<!DOCTYPE ead SYSTEM "ead.dtd" [

<!ENTITY address "1400 Washington Avenue / Albany, New York 12222">
<!ENTITY contact "For reference queries contact Grenander Department Reference staff or (518)-437-3934">
<!ENTITY copy "&#169;">
]>
<ead id="apap165">
  <eadheader audience="external" findaidstatus="edited-full-draft" langencoding="iso639-2b"
    countryencoding="iso3166-1" dateencoding="iso8601" repositoryencoding="iso15511"
    scriptencoding="iso15924" relatedencoding="DC">
    <eadid countrycode="US" mainagencycode="nalsu" url="http://library.albany.edu/speccoll/findaids/apap165.xml"
      identifier="##">APAP-165</eadid>

    <filedesc>
      <titlestmt>
        <titleproper>RALPH F. BOYD, SR. PAPERS (APAP-165), <date normal="1942/1992" type="inclusive"
            >1943-1992</date></titleproper>
        <author>Shaquana McCall</author>
      </titlestmt>
      <publicationstmt>
        <publisher> M. E. Grenander Department of Special Collections and Archives </publisher>
        <address>
              <addressline>
                1400 Washington Avenue / Albany, New York 12222
              </addressline>
            </address>
        <date type="publication"> &copy; 2012 By the University at Albany, SUNY. All rights
          reserved. </date>
      </publicationstmt>
    </filedesc>

    <profiledesc>
      <creation>Shaquana McCall<date normal="2012">2012</date>
      </creation>
      <langusage>
        <language langcode="eng" encodinganalog="Language">English</language>
      </langusage>
    </profiledesc>

    <revisiondesc>
      <change>
        <date> </date>
        <item> </item>
      </change>
    </revisiondesc>

  </eadheader>
  <frontmatter>
    <titlepage>
      <titleproper>RALPH F. BOYD, SR. PAPERS, <date normal="1943/1992" type="inclusive"
          >1943-1992</date>
      </titleproper>
      <publisher> M. E. Grenander Department of Special Collections and Archives</publisher>
      <date type="publication">2012</date>
      <p>&contact;</p>
    </titlepage>
  </frontmatter>

  <archdesc level="collection">
    <did>
      <head> Descriptive Summary </head>
      <unittitle>Ralph F. Boyd, Sr. Papers <unitdate type="inclusive" normal="1943/1992"
          label="Date:"> 1943-1992</unitdate>
      </unittitle>
      <physdesc label="Physical Characteristics:"> 1.6 cubic ft. </physdesc>
      <repository label="Repository:"> M. E. Grenander Department of Special Collections and
        Archives, University at Albany, SUNY </repository>
      <abstract label="Abstract:"> The Ralph Boyd, Sr. Papers contain personal and professional
        correspondence, news clippings, work manuals and agendas that document his career as a
        General Electric employee, community activist and member of the Schenectady branch of the
        NAACP. </abstract>
      <langmaterial>The materials in the collection are in <language langcode="eng"
          >English</language>.</langmaterial>


      <physloc label="Storage:">The materials are located onsite in the department.</physloc>
    </did>
    <accessrestrict>
      <head> Access </head>
      <p> Access to this record group is unrestricted. </p>
    </accessrestrict>
    <userestrict>
      <head> Copyright </head>
      <p> The researcher assumes full responsibility for conforming with the laws of copyright.
        Whenever possible, the M.E. Grenander Department of Special Collections and Archives will
        provide information about copyright owners and other restrictions, but the legal
        determination ultimately rests with the researcher. Requests for permission to publish
        material from this collection should be discussed with the Head of Special Collections and
        Archives. </p>
    </userestrict>
    <acqinfo>
      <head> Acquisition Information </head>
      <p>Ralph F. Boyd, Sr. donated his papers to the M.E. Grenander Department of Special
        Collections in 1993. </p>
    </acqinfo>
    <bioghist>
      <head> Biographical Sketch </head>

      <p> Ralph F. Boyd, Sr. is a lifelong social justice advocate well known for his commitment to
        civil rights, equality, civil service and local community activism within Schenectady, New
        York. Born in 1919 in Norfolk, V.A, and raised in Baltimore M.D, Boyd grew up in the
        segregated south during a time when discrimination and racism plagued many northern and
        southern communities. Although there were occasional hardships, the support and importance
        of family, along with the community of church, acted as Boyd’s savior. He credits both
        components for instilling strong moral values within him. </p>

      <p> Upon graduating from Frederick Douglass High School, Boyd continued his education by
        attending Morgan College, now Morgan State University, in Baltimore. He was able to complete
        two years before World War II disrupted his college life. While serving in the U.S. Army, he
        was part of the all black (segregated) 366 Infantry Regiment that would later go on to be
        recognized and honored for its performance during the war. </p>

      <p>Despite the fact that Boyd, and many other African-Americans, were willing to fight in the
        war for the cause of democracy and protection of their country, the reception these skilled
        veterans received upon returning home was not a welcoming one. Boyd returned home, realized
        that nothing had changed and was concerned. </p>

      <p> Discontented with the status quo of society, following the war efforts abroad, Boyd
        decided that he would work to effect change. His first target would be the General Electric
        Co., a company which previously denied him employment when he first inquired about a job
        soon after the war. Boyd was told that he didn’t have the training to fulfill a position
        within the company in spite of his skilled experience in the U.S. Army. General Electric
        eventually began to hire African-Americans in 1948, including Boyd, but this would not be
        the end of the trouble that Boyd would endure, nor would it be the end of other problems
        that he noticed. Not only were African-Americans being treated unfairly, women were being
        treated unequally as well. Boyd began to defend his female co-workers who were not being
        paid the same as the men. Despite the obstacles placed forth, Boyd remained within General
        Electric. He would eventually become a prominent spokesperson and leader for the
        International Union of Electronic, Electrical, Salaried, Machine and Furniture Workers (IUE)
        Local 301 union as well as the foreman in the Turbine-Generator Department. He continued
        working for General Electric for 34 years, up until his retirement in 1982.</p>

      <p>In addition to campaigning for change within General Electric, Ralph Boyd also worked
        within the local community of Schenectady to advocate change for the social, political and
        economic conditions for African-Americans. Noted for his local community activism, he was
        elected as a delegate to the Democratic National Convention in 1968. Possessing both the
        passion and eagerness to see everybody within society treated equally, alongside his
        interest in community activities, Boyd, in company with friends and colleagues, established
        and developed the Schenectady chapter of the NAACP in 1950. Serving as the chapter’s
        president for several terms, in addition to undertaking the responsibility of each post
        within the organization during his years of involvement, Boyd promoted and supported
        initiatives for reform change in areas surrounding the housing “slums” within Schenectady.
        These initiatives include, but were not limited to, acquiring affordable housing for low
        income groups and improving the conditions within the slums to make the surroundings
        acceptable for proper living. In addition to his focus on housing, Boyd also campaigned for
        equality within education and was instrumental in the establishment of the Baptist
        Retirement Center in 1977. The Baptist Retirement Center, which is located in Scotia, New
        York, provides activities and medical care for seniors and is the result of Boyd’s desire to
        see a nursing home within the local community that would facilitate care for those elderly
        in need.</p>

      <p>As a social justice advocate, Ralph Boyd’s work within the Schenectady community is both
        acknowledged and highly praised. He has won numerous awards, one which identified him as a
        Schenectady Patroon in 2008, an award that is the city’s equivalent to the Nobel Prize.
        General Electric named him a winner of the Gerald L. Phillippe Award for Distinguished
        Public Service in 1978.</p>

      <note>
        <p> The information provided above was gleaned from the following sources, in addition to
          those found in the Ralph F. Boyd Sr. Papers themselves: <list type="simple">

            <item>"Ralph Boyd devotes life to giving to commmunity,"<emph render="italic"> The Daily
                Gazette,</emph> 25 September 2005, sec.H, H1-2</item>
            <item>"Ralph Boyd Sr. is Schenectady's latest Patroon,"<emph render="italic"> The Daily
                Gazette,</emph> 11 November 2008,
              http://www.dailygazette.com/news/2008/nov/11/1111BOYD/. (Accessed via web on 22
              February 2012)</item>
          </list>
        </p>
      </note>
    </bioghist>

    <scopecontent>
      <head> Scope and Content Information </head>
      <p>The Ralph Boyd, Sr. Papers document his social activism as member of the Schenectady branch
        of the NAACP and his professional work as an employee of the General Electric Co. in
        Schenectady, New York. The collection is comprised of General Electric manuals and Boyd’s
        personal work papers created during his time as a foreman in addition to news clippings and
        supplementary materials from the International Union of Electronic, Electrical, Salaried,
        Machine and Furniture Workers (IUE) Local 301. Furthermore, the collection contains
        materials and news clippings related to his work with the Schenectady branch of the NAACP,
        initiatives for low-income housing reform, and personal and professional correspondence.</p>
    </scopecontent>

    <arrangement encodinganalog="351$a">
      <head>Arrangement of the Collection</head>
      <p>The collection is organized alphabetically. There are no series.</p>
    </arrangement>

    <!-- The controlaccess section contains the various subject headings (access points) for the collection.
           Copy and paste to create more of them, as needed.  Use the Library of Congress Name Authority 
           Files (lcnaf) and subject headings (lcsh), the Art and Architecture Thesaurus (aat), or other 
           standards as applicable.  For each one, include the source attribute (for example, source="lcnaf"). 
           If you need to use terms that aren't in any of the sources, that's fine, just set source="local" . 
           Try to give as many access points as you can to increase the chances of 
           researchers finding your data.  Any that you do not use, or that are not applicable, be sure 
           to comment them out! -->

    <controlaccess>
      <head>Subject and Genre Headings</head>

      <persname encodinganalog="600" source="local">Boyd, Ralph Fredric</persname>

            <corpname encodinganalog="610" source="local">National Association for the Advancement of
        Colored People</corpname>
<corpname encodinganalog="610" source="local">National Association for the Advancement of
        Colored People. Schenectady Branch </corpname>
      <corpname encodinganalog="610" source="lcsh">General Electric Company</corpname>
      <corpname encodinganalog="610" source="lcsh">International Union of Electronic, Electrical,
        Salaried, Machine and Furniture Workers </corpname>

      <subject encodinganalog="650" source="lcsh">Social action--New York (State)</subject>
      <subject encodinganalog="650" source="lcsh">Community organization--New York (State)</subject>
      <subject encodinganalog="650" source="lcsh">Race relations</subject>
      <subject encodinganalog="650" source="lcsh">Labor unions--New York (State)</subject>
      <subject encodinganalog="650" source="lcsh">Slums--New York (State)</subject>
      <subject encodinganalog="650" source="lcsh">Women--Employment</subject>
      <subject encodinganalog="650" source="lcsh">African Americans--Employment</subject>
      <subject encodinganalog="650" source="lcsh">Segregation in education</subject>


      <geogname encodinganalog="651" source="lcsh">Schenectady (N.Y.) </geogname>

      <genreform encodinganalog="655" source="aat">Clippings</genreform>
      <genreform encodinganalog="655" source="aat">Correspondence</genreform>
      <genreform encodinganalog="655" source="aat">Files by subject</genreform>
      <genreform encodinganalog="655" source="aat">Bylaws (administrative records)</genreform>
      <genreform encodinganalog="655" source="aat">Appointment books</genreform>
      <genreform encodinganalog="655" source="aat">Calendars</genreform>
      <genreform encodinganalog="655" source="aat">Manuals (instructional manuals)</genreform>
      <genreform encodinganalog="655" source="aat">Brochures</genreform>
      <genreform encodinganalog="655" source="aat">Minutes</genreform>
      <genreform encodinganalog="655" source="aat">Speeches</genreform>
      <genreform encodinganalog="655" source="aat">Newsletters</genreform>
      <genreform encodinganalog="655" source="aat">Programs</genreform>
    </controlaccess>


    <prefercite encodinganalog="524">
      <head>Preferred Citation</head>
      <p>Preferred citation for this material is as follows:</p>
      <p>Identification of specific item, series, box, folder, Ralph F. Boyd, Sr. Papers, 1943-1992.
        M.E. Grenander Department of Special Collections and Archives, University Libraries,
        University at Albany, State University of New York (hereafter referred to as the Boyd
        Papers).</p>
    </prefercite>

    <!-- <appraisal encodinganalog="583">
         <head>Appraisal Information</head>
         <p>## OPT Give the value of the collection and the date appraised.</p>
      </appraisal>-->

    <!--<accruals encodinganalog="584">
         <head>Accruals</head>
         <p>## OPT If additions to the collection are anticipated, state when, how, how much,
            etc.</p>
      </accruals>-->

    <dsc type="combined">
      <head>Container List</head>
      <c01>
        <did>
          <container type="Box">1</container>
          <container type="Folder">1</container>
          <unittitle>Acknowledged Life Members of NAACP</unittitle>
          <unitdate type="inclusive" era="ce" calendar="gregorian" normal="1965">1965</unitdate>
          <unitdate type="inclusive" era="ce" calendar="gregorian" normal="1970">1970</unitdate>
        </did>
      </c01>
      <c01>
        <did>
          <container type="Box">1</container>
          <container type="Folder">2</container>
          <unittitle>AFL-CIO Central Labor Council Constitution and By-Laws</unittitle>
          <unitdate type="inclusive" era="ce" calendar="gregorian" normal="1943/1992"
            >Undated</unitdate>
        </did>
      </c01>
      <c01>
        <did>
          <container type="Box">1</container>
          <container type="Folder">3</container>
          <unittitle>Boyd's Appointment Calendar</unittitle>
          <unitdate type="inclusive" era="ce" calendar="gregorian" normal="1971">1971</unitdate>
        </did>
      </c01>
      <c01>
        <did>
          <container type="Box">1</container>
          <container type="Folder">4</container>
          <unittitle>Boyd's Personnel File - RESTRICTED</unittitle>
          <unitdate type="inclusive" era="ce" calendar="gregorian" normal="1979">1979</unitdate>
        </did>
      </c01>
      <c01>
        <did>
          <container type="Box">1</container>
          <container type="Folder">5</container>
          <unittitle>Boyd's Work Documents</unittitle>
          <unitdate type="inclusive" era="ce" calendar="gregorian" normal="1980">1980</unitdate>
          <unitdate type="inclusive" era="ce" calendar="gregorian" normal="1943/1992"
            >Undated</unitdate>
        </did>
      </c01>
      <c01>
        <did>
          <container type="Box">1</container>
          <container type="Folder">6</container>
          <unittitle>Census Awareness and Instructions</unittitle>
          <unitdate type="inclusive" era="ce" calendar="gregorian" normal="1980">1980</unitdate>
        </did>
      </c01>
      <c01>
        <did>
          <container type="Box">1</container>
          <container type="Folder">7</container>
          <unittitle>Dr. Martin Luther King Day Program</unittitle>
          <unitdate type="inclusive" era="ce" calendar="gregorian" normal="1983">1983</unitdate>
        </did>
      </c01>
      <c01>
        <did>
          <container type="Box">1</container>
          <container type="Folder">8</container>
          <unittitle>Electric City #259 I.B.P.O.E of W</unittitle>
          <unitdate type="inclusive" era="ce" calendar="gregorian" normal="1977">1977</unitdate>
        </did>
      </c01>
      <c01>
        <did>
          <container type="Box">1</container>
          <container type="Folder">9</container>
          <unittitle><emph render="italic">Electrical Union News</emph></unittitle>
          <unitdate type="inclusive" era="ce" calendar="gregorian" normal="1949-02-25/1950-04-14"
            >February 25, 1949-April 14, 1950</unitdate>
          <unitdate type="inclusive" era="ce" calendar="gregorian" normal="1952-02-08/1954-06-17"
            >February 8, 1952-June 17, 1954</unitdate>
        </did>
      </c01>
      <c01>
        <did>
          <container type="Box">1</container>
          <container type="Folder">10</container>
          <unittitle>Employee Disciplinary Letters (memos)- RESTRICTED</unittitle>
          <unitdate type="inclusive" era="ce" calendar="gregorian" normal="1978/1980"
            >1978-1980</unitdate>
          <unitdate type="inclusive" era="ce" calendar="gregorian" normal="1943/1992"
            >Undated</unitdate>
        </did>
      </c01>
      <c01>
        <did>
          <container type="Box">1</container>
          <container type="Folder">11</container>
          <unittitle>Fiscal Calendar</unittitle>
          <unitdate type="inclusive" era="ce" calendar="gregorian" normal="1980">1980</unitdate>
        </did>
      </c01>
      <c01>
        <did>
          <container type="Box">1</container>
          <container type="Folder">12</container>
          <unittitle>Forman's Schedule</unittitle>
          <unitdate type="inclusive" era="ce" calendar="gregorian" normal="1978/1980"
            >1978-1980</unitdate>
        </did>
      </c01>
      <c01>
        <did>
          <container type="Box">1</container>
          <container type="Folder">13</container>
          <unittitle>G.E-I.U.E Pension and Insurance Agreement/Local Supplemental
            Agreement</unittitle>
          <unitdate type="inclusive" era="ce" calendar="gregorian" normal="1955/1956"
            >1955-1956</unitdate>
          <unitdate type="inclusive" era="ce" calendar="gregorian" normal="1973">1973</unitdate>
        </did>
      </c01>
      <c01>
        <did>
          <container type="Box">1</container>
          <container type="Folder">14</container>
          <unittitle>General Correspondence (General Electric)</unittitle>
          <unitdate type="inclusive" era="ce" calendar="gregorian" normal="1977/1978"
            >1977-1978</unitdate>
          <unitdate type="inclusive" era="ce" calendar="gregorian" normal="1980/1981"
            >1980-1981</unitdate>
        </did>
      </c01>
      <c01>
        <did>
          <container type="Box">1</container>
          <container type="Folder">15-16</container>
          <unittitle>General Electric Employee Benefits</unittitle>
          <unitdate type="inclusive" era="ce" calendar="gregorian" normal="1979">1979</unitdate>
        </did>
      </c01>
      <c01>
        <did>
          <container type="Box">1</container>
          <container type="Folder">17</container>
          <unittitle>General Electric- Employee Relations Survey</unittitle>
          <unitdate type="inclusive" era="ce" calendar="gregorian" normal="1981">1981</unitdate>
        </did>
      </c01>
      <c01>
        <did>
          <container type="Box">1</container>
          <container type="Folder">18-19</container>
          <unittitle>General Electric- Forman's Working Handbook - Folder 19 RESTRICTED</unittitle>
          <unitdate type="inclusive" era="ce" calendar="gregorian" normal="1975/1976"
            >1975-1976</unitdate>
        </did>
      </c01>
      <c01>
        <did>
          <container type="Box">1</container>
          <container type="Folder">20</container>
          <unittitle>General Electric- Highlights History 1878-1978</unittitle>
          <unitdate type="inclusive" era="ce" calendar="gregorian" normal="1978">1978</unitdate>
        </did>
      </c01>
      <c01>
        <did>
          <container type="Box">1</container>
          <container type="Folder">21-22</container>
          <unittitle>General Electric- Production and Inventory Control Manual</unittitle>
          <unitdate type="inclusive" era="ce" calendar="gregorian" normal="1981">1981</unitdate>
        </did>
      </c01>
      <c01>
        <did>
          <container type="Box">1</container>
          <container type="Folder">23</container>
          <unittitle>General Electric Retirees- Pension Fund-Retirement Plans</unittitle>
          <unitdate type="inclusive" era="ce" calendar="gregorian" normal="1992">1992</unitdate>
          <unitdate type="inclusive" era="ce" calendar="gregorian" normal="1943/1992"
            >Undated</unitdate>
        </did>
      </c01>
      <c01>
        <did>
          <container type="Box">1</container>
          <container type="Folder">24-25</container>
          <unittitle>General Electric- Shop Operations Manual</unittitle>
          <unitdate type="inclusive" era="ce" calendar="gregorian" normal="1977">1977</unitdate>
          <unitdate type="inclusive" era="ce" calendar="gregorian" normal="">1979-1980</unitdate>
        </did>
      </c01>
      <c01>
        <did>
          <container type="Box">1</container>
          <container type="Folder">26-27</container>
          <unittitle>General Electric Small Polish Methods and Changes</unittitle>
          <unitdate type="inclusive" era="ce" calendar="gregorian" normal="1977">1977</unitdate>
          <unitdate type="inclusive" era="ce" calendar="gregorian" normal="1979/1981"
            >1979-1981</unitdate>
        </did>
      </c01>
      <c01>
        <did>
          <container type="Box">1</container>
          <container type="Folder">28</container>
          <unittitle>Helen Quirini- Personal/Professional Correspondence- Newsletter
            Clippings</unittitle>
          <unitdate type="inclusive" era="ce" calendar="gregorian" normal="1943/1980"
            >1943-1980</unitdate>
          <unitdate type="inclusive" era="ce" calendar="gregorian" normal="1943/1992"
            >Undated</unitdate>
        </did>
      </c01>
      <c01>
        <did>
          <container type="Box">1</container>
          <container type="Folder">29-32</container>
          <unittitle>Housing: Schenectady Slums, Shortage, Reform, Business</unittitle>
          <unitdate type="inclusive" era="ce" calendar="gregorian" normal="1965">1965</unitdate>
          <unitdate type="inclusive" era="ce" calendar="gregorian" normal="1967/1975"
            >1967-1975</unitdate>
          <unitdate type="inclusive" era="ce" calendar="gregorian" normal="1943/1992"
            >Undated</unitdate>
        </did>
      </c01>
      <c01>
        <did>
          <container type="Box">1</container>
          <container type="Folder">33</container>
          <unittitle>Housing-Slums-Architecture-Real Tax</unittitle>
          <unitdate type="inclusive" era="ce" calendar="gregorian" normal="1959/1960"
            >1959-1960</unitdate>
          <unitdate type="inclusive" era="ce" calendar="gregorian" normal="1966/1968"
            >1966-1968</unitdate>
          <unitdate type="inclusive" era="ce" calendar="gregorian" normal="1970">1970</unitdate>
          <unitdate type="inclusive" era="ce" calendar="gregorian" normal="1943/1992"
            >Undated</unitdate>
        </did>
      </c01>
      <c01>
        <did>
          <container type="Box">2</container>
          <container type="Folder">1</container>
          <unittitle>Human Rights- Schenectady County- New York State Division</unittitle>
          <unitdate type="inclusive" era="ce" calendar="gregorian" normal="1981">1981</unitdate>
          <unitdate type="inclusive" era="ce" calendar="gregorian" normal="1943/1992"
            >Undated</unitdate>
        </did>
      </c01>
      <c01>
        <did>
          <container type="Box">2</container>
          <container type="Folder">2</container>
          <unittitle>Integrated/Segregated Education</unittitle>
          <unitdate type="inclusive" era="ce" calendar="gregorian" normal="1968">1968</unitdate>
          <unitdate type="inclusive" era="ce" calendar="gregorian" normal="1970">1970</unitdate>
          <unitdate type="inclusive" era="ce" calendar="gregorian" normal="1972">1972</unitdate>
          <unitdate type="inclusive" era="ce" calendar="gregorian" normal="1943/1992"
            >Undated</unitdate>
        </did>
      </c01>
      <c01>
        <did>
          <container type="Box">2</container>
          <container type="Folder">3</container>
          <unittitle><emph render="italic">IUE-CIO News</emph></unittitle>
          <unitdate type="inclusive" era="ce" calendar="gregorian" normal="1951-09-13">September
            13,1951</unitdate>
        </did>
      </c01>
      <c01>
        <did>
          <container type="Box">2</container>
          <container type="Folder">4</container>
          <unittitle>Local 301 Annual Report and Directory</unittitle>
          <unitdate type="inclusive" era="ce" calendar="gregorian" normal="1944">1944</unitdate>
        </did>
      </c01>
      <c01>
        <did>
          <container type="Box">2</container>
          <container type="Folder">5</container>
          <unittitle><emph render="italic">Local 301 News </emph></unittitle>
          <unitdate type="inclusive" era="ce" calendar="gregorian" normal="1956-10-19/1956-11-30"
            >October 19,1956-November 30, 1956</unitdate>
          <unitdate type="inclusive" era="ce" calendar="gregorian" normal="1967-05-05/1967-10-13"
            >May 5, 1967-October 13, 1967</unitdate>
          <unitdate type="inclusive" era="ce" calendar="gregorian" normal="1969-02-18/1980-05-13"
            >February 18, 1969-May 13,1980</unitdate>
        </did>
      </c01>
      <c01>
        <did>
          <container type="Box">2</container>
          <container type="Folder">6</container>
          <unittitle>Local 301- Union Election</unittitle>
          <unitdate type="inclusive" era="ce" calendar="gregorian" normal="1980">1980</unitdate>
        </did>
      </c01>
      <c01>
        <did>
          <container type="Box">2</container>
          <container type="Folder">7</container>
          <unittitle>NAACP Annual Convention</unittitle>
          <unitdate type="inclusive" era="ce" calendar="gregorian" normal="1964">1964</unitdate>
          <unitdate type="inclusive" era="ce" calendar="gregorian" normal="1969/1970"
            >1969-1970</unitdate>
        </did>
      </c01>
      <c01>
        <did>
          <container type="Box">2</container>
          <container type="Folder">8</container>
          <unittitle>NAACP Backgrounders (unemployment/social welfare)</unittitle>
          <unitdate type="inclusive" era="ce" calendar="gregorian" normal="1967">1967</unitdate>
          <unitdate type="inclusive" era="ce" calendar="gregorian" normal="1943/1992"
            >Undated</unitdate>
        </did>
      </c01>
      <c01>
        <did>
          <container type="Box">2</container>
          <container type="Folder">9</container>
          <unittitle>NAACP Church Social Action Survey</unittitle>
          <unitdate type="inclusive" era="ce" calendar="gregorian" normal="1943/1992"
            >Undated</unitdate>
        </did>
      </c01>
      <c01>
        <did>
          <container type="Box">2</container>
          <container type="Folder">10</container>
          <unittitle>NAACP Committees including Schenectady Executive Committee Members</unittitle>
          <unitdate type="inclusive" era="ce" calendar="gregorian" normal="1967">1967</unitdate>
          <unitdate type="inclusive" era="ce" calendar="gregorian" normal="1943/1992"
            >Undated</unitdate>
        </did>
      </c01>
      <c01>
        <did>
          <container type="Box">2</container>
          <container type="Folder">11</container>
          <unittitle>NAACP Constitution and By-Laws for Branches</unittitle>
          <unitdate type="inclusive" era="ce" calendar="gregorian" normal="1978">1978</unitdate>
        </did>
      </c01>
      <c01>
        <did>
          <container type="Box">2</container>
          <container type="Folder">12</container>
          <unittitle>NAACP "Heroes of Emancipation"</unittitle>
          <unitdate type="inclusive" era="ce" calendar="gregorian" normal="1964">1964</unitdate>
        </did>
      </c01>
      <c01>
        <did>
          <container type="Box">2</container>
          <container type="Folder">13</container>
          <unittitle>NAACP Human Rights Unity Ball</unittitle>
          <unitdate type="inclusive" era="ce" calendar="gregorian" normal="1971">1971</unitdate>
        </did>
      </c01>
      <c01>
        <did>
          <container type="Box">2</container>
          <container type="Folder">14</container>
          <unittitle>NAACP-Internal Branch Voting /Office Holding</unittitle>
          <unitdate type="inclusive" era="ce" calendar="gregorian" normal="1970">1970</unitdate>
        </did>
      </c01>
      <c01>
        <did>
          <container type="Box">2</container>
          <container type="Folder">15</container>
          <unittitle>NAACP Labor Manual</unittitle>
          <unitdate type="inclusive" era="ce" calendar="gregorian" normal="1968">1968</unitdate>
        </did>
      </c01>
      <c01>
        <did>
          <container type="Box">2</container>
          <container type="Folder">16</container>
          <unittitle>NAACP Membership Campaign</unittitle>
          <unitdate type="inclusive" era="ce" calendar="gregorian" normal="1943/1992"
            >Undated</unitdate>
        </did>
      </c01>
      <c01>
        <did>
          <container type="Box">2</container>
          <container type="Folder">17</container>
          <unittitle>NAACP Military Veteran Affairs (newsletter)</unittitle>
          <unitdate type="inclusive" era="ce" calendar="gregorian" normal="1971">1971</unitdate>
        </did>
      </c01>
      <c01>
        <did>
          <container type="Box">2</container>
          <container type="Folder">18</container>
          <unittitle>NAACP Newsletters (Schenectady and Albany Chapters)</unittitle>
          <unitdate type="inclusive" era="ce" calendar="gregorian" normal="1967">1967</unitdate>
          <unitdate type="inclusive" era="ce" calendar="gregorian" normal="1970">1970</unitdate>
        </did>
      </c01>
      <c01>
        <did>
          <container type="Box">2</container>
          <container type="Folder">19</container>
          <unittitle>NAACP- N.Y State and Local Voting/Representation</unittitle>
          <unitdate type="inclusive" era="ce" calendar="gregorian" normal="1970">1970</unitdate>
        </did>
      </c01>
      <c01>
        <did>
          <container type="Box">3</container>
          <container type="Folder">1</container>
          <unittitle>NAACP Pamphlets/Brochures</unittitle>
          <unitdate type="inclusive" era="ce" calendar="gregorian" normal="1963">1963</unitdate>
          <unitdate type="inclusive" era="ce" calendar="gregorian" normal="1968/1970"
            >1968-1970</unitdate>
          <unitdate type="inclusive" era="ce" calendar="gregorian" normal="1943/1992"
            >Undated</unitdate>
        </did>
      </c01>
      <c01>
        <did>
          <container type="Box">3</container>
          <container type="Folder">2</container>
          <unittitle>NAACP Public Relations-Media Coverage-Political Action</unittitle>
          <unitdate type="inclusive" era="ce" calendar="gregorian" normal="1943/1992"
            >Undated</unitdate>
        </did>
      </c01>
      <c01>
        <did>
          <container type="Box">3</container>
          <container type="Folder">3</container>
          <unittitle>NAACP Resolutions</unittitle>
          <unitdate type="inclusive" era="ce" calendar="gregorian" normal="1943/1992"
            >Undated</unitdate>
        </did>
      </c01>
      <c01>
        <did>
          <container type="Box">3</container>
          <container type="Folder">4</container>
          <unittitle>NAACP Schenectady Branch Financial Statement</unittitle>
          <unitdate type="inclusive" era="ce" calendar="gregorian" normal="1982">1982</unitdate>
        </did>
      </c01>
      <c01>
        <did>
          <container type="Box">3</container>
          <container type="Folder">5</container>
          <unittitle>NAACP Schenectady Branch Letterhead/Branch President R. Boyd Response
            Letter</unittitle>
          <unitdate type="inclusive" era="ce" calendar="gregorian" normal="1967">1967</unitdate>
          <unitdate type="inclusive" era="ce" calendar="gregorian" normal="1943/1992"
            >Undated</unitdate>
        </did>
      </c01>
      <c01>
        <did>
          <container type="Box">3</container>
          <container type="Folder">6</container>
          <unittitle>National Committee Against Discrimination in Housing (NCDH) "Trends In Housing"
            Newsletter</unittitle>
          <unitdate type="inclusive" era="ce" calendar="gregorian" normal="1981">1981</unitdate>
        </did>
      </c01>
      <c01>
        <did>
          <container type="Box">3</container>
          <container type="Folder">7</container>
          <unittitle>National NAACP Housing Department Committee</unittitle>
          <unitdate type="inclusive" era="ce" calendar="gregorian" normal="1968/1969"
            >1968-1969</unitdate>
          <unitdate type="inclusive" era="ce" calendar="gregorian" normal="1943/1992"
            >Undated</unitdate>
        </did>
      </c01>
      <c01>
        <did>
          <container type="Box">3</container>
          <container type="Folder">8</container>
          <unittitle>New York State Conference of NAACP Branches</unittitle>
          <unitdate type="inclusive" era="ce" calendar="gregorian" normal="1982">1982</unitdate>
        </did>
      </c01>
      <c01>
        <did>
          <container type="Box">3</container>
          <container type="Folder">9</container>
          <unittitle>Phillippe Award (newsletters)</unittitle>
          <unitdate type="inclusive" era="ce" calendar="gregorian" normal="1978">1978</unitdate>
        </did>
      </c01>
      <c01>
        <did>
          <container type="Box">3</container>
          <container type="Folder">10</container>
          <unittitle>Power of Women- General Electric Union</unittitle>
          <unitdate type="inclusive" era="ce" calendar="gregorian" normal="1943/1992"
            >Undated</unitdate>
        </did>
      </c01>
      <c01>
        <did>
          <container type="Box">3</container>
          <container type="Folder">11</container>
          <unittitle>Schenectady Branch NAACP President's Death- Boyd's Personal
            Notes/Obituary</unittitle>
          <unitdate type="inclusive" era="ce" calendar="gregorian" normal="1971">1971</unitdate>
          <unitdate type="inclusive" era="ce" calendar="gregorian" normal="1943/1992"
            >Undated</unitdate>
        </did>
      </c01>
      <c01>
        <did>
          <container type="Box">3</container>
          <container type="Folder">12</container>
          <unittitle>Schenectady City Planning Commission (newsletters)</unittitle>
          <unitdate type="inclusive" era="ce" calendar="gregorian" normal="1967">1967</unitdate>
        </did>
      </c01>
      <c01>
        <did>
          <container type="Box">3</container>
          <container type="Folder">13</container>
          <unittitle>Schenectady NAACP Event and Service Programs/Agendas-</unittitle>
          <unitdate type="inclusive" era="ce" calendar="gregorian" normal="1971">1971</unitdate>
          <unitdate type="inclusive" era="ce" calendar="gregorian" normal="1975">1975</unitdate>
          <unitdate type="inclusive" era="ce" calendar="gregorian" normal="1981/1982"
            >1981-1982</unitdate>
        </did>
      </c01>
      <c01>
        <did>
          <container type="Box">3</container>
          <container type="Folder">14</container>
          <unittitle>Turbine Department/Schenectady Utilities Union Relations Advices</unittitle>
          <unitdate type="inclusive" era="ce" calendar="gregorian" normal="1969">1969</unitdate>
          <unitdate type="inclusive" era="ce" calendar="gregorian" normal="1943/1992"
            >Undated</unitdate>
        </did>
      </c01>
      <c01>
        <did>
          <container type="Box">3</container>
          <container type="Folder">15</container>
          <unittitle><emph render="italic">U.E 201 News </emph>
          </unittitle>
          <unitdate type="inclusive" era="ce" calendar="gregorian" normal="1953-10-29/1953-12-09"
            >October 29, 1953-December 9, 1953</unitdate>
        </did>
      </c01>
    </dsc>
  </archdesc>
</ead>
