﻿<?xml version="1.0"?>
<?xml-stylesheet type="text/xsl" href="eadcbs6-su1_mw.xsl"?> 
    
    <!DOCTYPE ead SYSTEM "ead.dtd" [

<!ENTITY address "1400 Washington Avenue / Albany, New York 12222">
<!ENTITY contact "For reference queries contact Grenander Department Reference staff or (518)-437-3934">
<!ENTITY copy "&#169;">
]>
<ead id="apap234">
  <eadheader audience="external" findaidstatus="edited-full-draft" langencoding="iso639-2b"
    countryencoding="iso3166-1" dateencoding="iso8601" repositoryencoding="iso15511"
    scriptencoding="iso15924" relatedencoding="DC">
    <eadid countrycode="US" mainagencycode="nalsu"
      url="http://library.albany.edu/speccoll/findaids/apap234.xml" identifier="##">APAP-234</eadid>

    <filedesc>
      <titlestmt>
        <titleproper>LAWRENCE A. CABOT PAPERS, (APAP-234), <date normal="1964/1965" type="inclusive"
            >1964-1965</date></titleproper>
        <author>Michael Paulmeno</author>
      </titlestmt>
      <publicationstmt>
        <publisher> M. E. Grenander Department of Special Collections and Archives </publisher>
        <address>
              <addressline>
                1400 Washington Avenue / Albany, New York 12222
              </addressline>
            </address>
        <date type="publication"> &copy; 2011 By the University at Albany, SUNY. All rights
          reserved. </date>
      </publicationstmt>
    </filedesc>

    <profiledesc>
      <creation>Jodi Boyle<date normal="2011">2011</date>
      </creation>
      <langusage>
        <language langcode="eng" encodinganalog="Language">English</language>
      </langusage>
    </profiledesc>

    <revisiondesc>
      <change>
        <date> </date>
        <item> </item>
      </change>
    </revisiondesc>

  </eadheader>
  <frontmatter>
    <titlepage>
      <titleproper>LAWRENCE A. CABOT PAPERS, <date normal="1964/1965" type="inclusive"
          >1964-1965</date>
      </titleproper>
      <publisher> M. E. Grenander Department of Special Collections and Archives</publisher>
      <date type="publication">2011</date>
      <p>&contact;</p>
    </titlepage>
  </frontmatter>

  <archdesc level="collection">
    <did>
      <head> Descriptive Summary </head>
      <unittitle>Lawrence A. Cabot Papers <unitdate type="inclusive" normal="1964/1965"
          label="Date:"> 1964-1965</unitdate>
      </unittitle>
      <physdesc label="Physical Characteristics:"> 1.6 cubic ft. </physdesc>
      <repository label="Repository:"> M. E. Grenander Department of Special Collections and
        Archives, University at Albany, SUNY </repository>
      <abstract label="Abstract:"> The Lawrence A. Cabot Papers document Cabot's service in the New
        York State Assembly where he served for one term in 1964-1965. The collection includes
        correspondence, subject files, and legislation from his tenure.</abstract>
      <langmaterial>The materials in the collection are in <language langcode="eng"
          >English</language>.</langmaterial>

      <physloc label="Storage:">The materials are located onsite in the department.</physloc>
    </did>
    <accessrestrict>
      <head> Access </head>
      <p> Access to this record group is unrestricted. </p>
    </accessrestrict>
    <userestrict>
      <head> Copyright </head>
      <p> The researcher assumes full responsibility for conforming with the laws of copyright.
        Whenever possible, the M.E. Grenander Department of Special Collections and Archives will
        provide information about copyright owners and other restrictions, but the legal
        determination ultimately rests with the researcher. Requests for permission to publish
        material from this collection should be discussed with the Head of Special Collections and
        Archives. </p>
    </userestrict>
    <acqinfo>
      <head> Acquisition Information </head>
      <p>Lawrence Cabot initially donated his papers to Syracuse University in 1966. In 2006, the
        papers were transferred to the M.E. Grenander Department of Special Collections and
        Archives. </p>
    </acqinfo>
    <bioghist>
      <head> Biographical Sketch </head>
      <p>Lawrence A. Cabot was born on May 17th, 1919. He attended City College and served with the
        2nd Armored Division in World War II. A Democrat, Cabot lived in Ardsley, New York. He was
        elected to the New York State Assembly in 1964 and represented the Westchester County Second
        District for one term. During his political career, he served on the Claims, Internal
        Affairs, Revision, and Villages committees. Cabot was also chairman of the Ardsley
        Democratic Committee and vice-chairman of the Greenburg Democratic Committee.</p>
    </bioghist>

    <scopecontent>
      <head> Scope and Content Information </head>
      <p>The Lawrence A. Cabot Papers consist of both subject files and legislation related to
        Cabot's service in the New York State Assembly from 1964-1965. The subject files contain
        primarily correspondence although there are also newspaper clippings, press releases, and
        one map. The legislation includes bills that Cabot sponsored while in the Assembly and
        resolutions he was involved with. The legislation files frequently include supplemental
        materials such as correspondence and newspaper clippings. </p>

      <p>Please note the archivist retained the original arrangment of the collection. Therefore
        there is a "resolutions" folder containing resolutions from local governments in Cabot's
        district in Series 1 as well as individual folders containing resolutions in Series 2. The
        folder in Series 1 simply contains the resolutions themselves while the files in Series 2
        generally contain the resolutions as well as supplemental materials.</p>
    </scopecontent>

    <arrangement encodinganalog="351$a">
      <head>Arrangement of the Collection</head>
      <p>The collection is organized into the following series:</p>
      <list type="simple">
        <item>Series 1 - Subject Files, 1964-1965</item>
        <item>Series 2 - Legislation, 1964-1965</item>
      </list>

      <p>Series 1 is arranged alphabetically by subject while Series 2 is arranged chronologically,
        first by bill number and then by resolution number.</p>
    </arrangement>

    <!-- The controlaccess section contains the various subject headings (access points) for the collection.
           Copy and paste to create more of them, as needed.  Use the Library of Congress Name Authority 
           Files (lcnaf) and subject headings (lcsh), the Art and Architecture Thesaurus (aat), or other 
           standards as applicable.  For each one, include the source attribute (for example, source="lcnaf"). 
           If you need to use terms that aren't in any of the sources, that's fine, just set source="local" . 
           Try to give as many access points as you can to increase the chances of 
           researchers finding your data.  Any that you do not use, or that are not applicable, be sure 
           to comment them out! -->

    <controlaccess>
      <head>Subject and Genre Headings</head>

      <persname encodinganalog="600" source="local">Cabot, Lawrence A.</persname>

      <corpname encodinganalog="610" source="lcsh">New York (State). Legislature.
        Assembly</corpname>
      <corpname encodinganalog="610" source="lcsh">New York (State). Legislature. Assembly.
        Committee of Claims</corpname>
      <corpname encodinganalog="610" source="local">New York (State). Legislature. Assembly.
        Internal Affairs Committee</corpname>
      <corpname encodinganalog="610" source="local">New York (State). Legislature. Assembly.
        Revision Committee</corpname>
      <corpname encodinganalog="610" source="local">New York (State). Legislature. Assembly.
        Villages Committee</corpname>

      <subject encodinganalog="650" source="lcsh">Politicians--New York (State)</subject>

      <geogname encodinganalog="651" source="lcsh">New York (State)--Politics and
        government</geogname>
      <geogname encodinganalog="651" source="lcsh">Westchester County (N.Y.)</geogname>

      <genreform encodinganalog="655" source="aat">Bills (legislative records)</genreform>
      <genreform encodinganalog="655" source="aat">Clippings</genreform>
      <genreform encodinganalog="655" source="aat">Correspondence</genreform>
      <genreform encodinganalog="655" source="aat">Files by subject</genreform>
      <genreform encodinganalog="655" source="aat">Legislative records</genreform>
    </controlaccess>


    <prefercite encodinganalog="524">
      <head>Preferred Citation</head>
      <p>Preferred citation for this material is as follows:</p>
      <p>Identification of specific item, series, box, folder, Lawrence A. Cabot Papers, 1964-1965.
        M.E. Grenander Department of Special Collections and Archives, University Libraries,
        University at Albany, State University of New York (hereafter referred to as the Cabot
        Papers).</p>
    </prefercite>

    <!-- <appraisal encodinganalog="583">
         <head>Appraisal Information</head>
         <p>## OPT Give the value of the collection and the date appraised.</p>
      </appraisal>-->

    <!--<accruals encodinganalog="584">
         <head>Accruals</head>
         <p>## OPT If additions to the collection are anticipated, state when, how, how much,
            etc.</p>
      </accruals>-->

    <dsc type="combined">
      <head>Container List</head>
      <!-- Start series 1-->
      <c01 level="series">
        <did>
          <unittitle label="Series I"> Series 1: Subject Files</unittitle>
          <physdesc> 1.0 cubic ft. </physdesc>
          <unitdate normal="1964/1965" type="inclusive">1964-1965, </unitdate>
          <unitdate normal="1964/1965" type="inclusive">Undated</unitdate>
        </did>
        <arrangement>
          <p> Arranged alphabetically. </p>
        </arrangement>
        <scopecontent>
          <p>This series contains a variety of subject files ranging from air pollution to sales
            tax. Cabot also kept his general correspondence and news releases with subject files.
          </p>
        </scopecontent>
        <c02>
          <did>
            <container type="Box">1</container>
            <container type="Folder">1-2</container>
            <unittitle>Aid to Education</unittitle>
            <unitdate type="inclusive" era="ce" calendar="gregorian" normal="1965">1965</unitdate>
          </did>
        </c02>
        <c02>
          <did>
            <container type="Box">1</container>
            <container type="Folder">3</container>
            <unittitle>Air Pollution</unittitle>
            <unitdate type="inclusive" era="ce" calendar="gregorian" normal="1964/1965"
              >1964-1965</unitdate>
          </did>
        </c02>
        <c02>
          <did>
            <container type="Box">1</container>
            <container type="Folder">4</container>
            <unittitle>Auto Registration Tax and Gasoline Tax</unittitle>
            <unitdate type="inclusive" era="ce" calendar="gregorian" normal="1965">1965</unitdate>
          </did>
        </c02>
        <c02>
          <did>
            <container type="Box">1</container>
            <container type="Folder">5</container>
            <unittitle>Capital Punishment</unittitle>
            <unitdate type="inclusive" era="ce" calendar="gregorian" normal="1965">1965</unitdate>
          </did>
        </c02>
        <c02>
          <did>
            <container type="Box">1</container>
            <container type="Folder">6</container>
            <unittitle>Cigarette Tax</unittitle>
            <unitdate type="inclusive" era="ce" calendar="gregorian" normal="1965">1965</unitdate>
          </did>
        </c02>
        <c02>
          <did>
            <container type="Box">1</container>
            <container type="Folder">7</container>
            <unittitle>Dobbs Ferry (Letters Patent)</unittitle>
            <unitdate type="inclusive" era="ce" calendar="gregorian" normal="1965">1965</unitdate>
          </did>
        </c02>
        <c02>
          <did>
            <container type="Box">1</container>
            <container type="Folder">8</container>
            <unittitle>Fisheries</unittitle>
            <unitdate type="inclusive" era="ce" calendar="gregorian" normal="1965">1965</unitdate>
          </did>
        </c02>
        <c02>
          <did>
            <container type="Box">1</container>
            <container type="Folder">9</container>
            <unittitle>Form Letters and Lists</unittitle>
            <unitdate type="inclusive" era="ce" calendar="gregorian" normal="1964/1965"
              >Undated</unitdate>
          </did>
        </c02>
        <c02>
          <did>
            <container type="Box">1</container>
            <container type="Folder">10</container>
            <unittitle>Greenburgh Housing</unittitle>
            <unitdate type="inclusive" era="ce" calendar="gregorian" normal="1965">1965</unitdate>
          </did>
        </c02>
        <c02>
          <did>
            <container type="Box">1</container>
            <container type="Folder">11</container>
            <unittitle>Hospitals, Union Berking Bill</unittitle>
            <unitdate type="inclusive" era="ce" calendar="gregorian" normal="1965">1965</unitdate>
          </did>
        </c02>
        <c02>
          <did>
            <container type="Box">1</container>
            <container type="Folder">12</container>
            <unittitle>Hudson River (Con Edison)</unittitle>
            <unitdate type="inclusive" era="ce" calendar="gregorian" normal="1964/1965"
              >1964-1965</unitdate>
          </did>
        </c02>
        <c02>
          <did>
            <container type="Box">1</container>
            <container type="Folder">13</container>
            <unittitle>Invitations</unittitle>
            <unitdate type="inclusive" era="ce" calendar="gregorian" normal="1965">1965</unitdate>
          </did>
        </c02>
        <c02>
          <did>
            <container type="Box">1</container>
            <container type="Folder">14</container>
            <unittitle>Memos</unittitle>
            <unitdate type="inclusive" era="ce" calendar="gregorian" normal="1964">1964</unitdate>
          </did>
        </c02>
        <c02>
          <did>
            <container type="Box">1</container>
            <container type="Folder">15-18</container>
            <unittitle>General Correspondence (A-H)</unittitle>
            <unitdate type="inclusive" era="ce" calendar="gregorian" normal="1965">1965</unitdate>
          </did>
        </c02>
        <c02>
          <did>
            <container type="Box">1</container>
            <container type="Folder">19-21</container>
            <unittitle>General Correspondence (I-Q)</unittitle>
            <unitdate type="inclusive" era="ce" calendar="gregorian" normal="1965">1965</unitdate>
          </did>
        </c02>
        <c02>
          <did>
            <container type="Box">1</container>
            <container type="Folder">22-23</container>
            <unittitle>General Correspondence (R-Z)</unittitle>
            <unitdate type="inclusive" era="ce" calendar="gregorian" normal="1965">1965</unitdate>
          </did>
        </c02>
        <c02>
          <did>
            <container type="Box">1</container>
            <container type="Folder">24</container>
            <unittitle>Newspaper Mailing List</unittitle>
            <unitdate type="inclusive" era="ce" calendar="gregorian" normal="1964/1965"
              >Undated</unitdate>
          </did>
        </c02>
        <c02>
          <did>
            <container type="Box">1</container>
            <container type="Folder">25</container>
            <unittitle>News Releases</unittitle>
            <unitdate type="inclusive" era="ce" calendar="gregorian" normal="1965">1965</unitdate>
          </did>
        </c02>
        <c02>
          <did>
            <container type="Box">1</container>
            <container type="Folder">26</container>
            <unittitle>Off-track Betting</unittitle>
            <unitdate type="inclusive" era="ce" calendar="gregorian" normal="1965">1965</unitdate>
          </did>
        </c02>
        <c02>
          <did>
            <container type="Box">1</container>
            <container type="Folder">27</container>
            <unittitle>Police Fire Pensions (separate)</unittitle>
            <unitdate type="inclusive" era="ce" calendar="gregorian" normal="1965">1965</unitdate>
          </did>
        </c02>
        <c02>
          <did>
            <container type="Box">1</container>
            <container type="Folder">28</container>
            <unittitle>Pornography</unittitle>
            <unitdate type="inclusive" era="ce" calendar="gregorian" normal="1965">1965</unitdate>
          </did>
        </c02>
        <c02>
          <did>
            <container type="Box">1</container>
            <container type="Folder">29</container>
            <unittitle>R.R. (New Haven) (N.Y. Central)</unittitle>
            <unitdate type="inclusive" era="ce" calendar="gregorian" normal="1965">1965</unitdate>
          </did>
        </c02>
        <c02>
          <did>
            <container type="Box">1</container>
            <container type="Folder">30</container>
            <unittitle>Repeal of Drinking Age</unittitle>
            <unitdate type="inclusive" era="ce" calendar="gregorian" normal="1965">1965</unitdate>
          </did>
        </c02>
        <c02>
          <did>
            <container type="Box">1</container>
            <container type="Folder">31</container>
            <unittitle>Requested Comments from School Districts</unittitle>
            <unitdate type="inclusive" era="ce" calendar="gregorian" normal="1965">1965</unitdate>
          </did>
        </c02>
        <c02>
          <did>
            <container type="Box">1</container>
            <container type="Folder">32</container>
            <unittitle>Resolutions</unittitle>
            <unitdate type="inclusive" era="ce" calendar="gregorian" normal="1965">1965</unitdate>
          </did>
        </c02>
        <c02>
          <did>
            <container type="Box">1</container>
            <container type="Folder">33</container>
            <unittitle>Rosetti Bill AI-1439</unittitle>
            <unitdate type="inclusive" era="ce" calendar="gregorian" normal="1965">1965</unitdate>
          </did>
        </c02>
        <c02>
          <did>
            <container type="Box">1</container>
            <container type="Folder">34-35</container>
            <unittitle>Sales Tax</unittitle>
            <unitdate type="inclusive" era="ce" calendar="gregorian" normal="1965">1965</unitdate>
          </did>
        </c02>
        <c02>
          <did>
            <container type="Box">1</container>
            <container type="Folder">36</container>
            <unittitle>Tuckahoe Urban Renewal Bill</unittitle>
            <unitdate type="inclusive" era="ce" calendar="gregorian" normal="1965">1965</unitdate>
          </did>
        </c02>
        <c02>
          <did>
            <container type="Box">1</container>
            <container type="Folder">37</container>
            <unittitle>Veteran Hospitals</unittitle>
            <unitdate type="inclusive" era="ce" calendar="gregorian" normal="1965">1965</unitdate>
          </did>
        </c02>
        <c02>
          <did>
            <container type="Box">1</container>
            <container type="Folder">38</container>
            <unittitle>Westchester Board of Supervisors</unittitle>
            <unitdate type="inclusive" era="ce" calendar="gregorian" normal="1964/1965"
              >1964-1965</unitdate>
          </did>
        </c02>
      </c01>

      <!-- Start series 2-->

      <c01 level="series">
        <did>
          <unittitle label="Series II"> Series 2: Legislation</unittitle>
          <physdesc> .6 cu. ft. </physdesc>
          <unitdate normal="1964/1965" type="inclusive">1964-1965</unitdate>
        </did>
        <arrangement>
          <p> Arranged chronologically by bill number and then by resolution number. </p>
        </arrangement>
        <scopecontent>
          <p>This series consists of legislation Cabot sponsored. Each file entitled "bill" includes
            the legislative bill and many folders also have supplemental materials such as
            correspondence or clippings. The resolutions files contain copies of resolutions
            submitted to the New York State Legislature or local town boards, reports, clippings,
            and correspondence.</p>
        </scopecontent>

        <c02>
          <did>
            <container type="Box">2</container>
            <container type="Folder">1</container>
            <unittitle>Bill 918</unittitle>
            <unitdate type="inclusive" era="ce" calendar="gregorian" normal="1964/1965"
              >1964-1965</unitdate>
          </did>
        </c02>
        <c02>
          <did>
            <container type="Box">2</container>
            <container type="Folder">2</container>
            <unittitle>Bill 1014</unittitle>
            <unitdate type="inclusive" era="ce" calendar="gregorian" normal="1964/1965"
              >1964-1965</unitdate>
          </did>
        </c02>
        <c02>
          <did>
            <container type="Box">2</container>
            <container type="Folder">3</container>
            <unittitle>Bill 1015</unittitle>
            <unitdate type="inclusive" era="ce" calendar="gregorian" normal="1965">1965</unitdate>
          </did>
        </c02>
        <c02>
          <did>
            <container type="Box">2</container>
            <container type="Folder">4</container>
            <unittitle>Bill 1016</unittitle>
            <unitdate type="inclusive" era="ce" calendar="gregorian" normal="1965">1965</unitdate>
          </did>
        </c02>
        <c02>
          <did>
            <container type="Box">2</container>
            <container type="Folder">5</container>
            <unittitle>Bill 1238</unittitle>
            <unitdate type="inclusive" era="ce" calendar="gregorian" normal="1965">1965</unitdate>
          </did>
        </c02>
        <c02>
          <did>
            <container type="Box">2</container>
            <container type="Folder">6</container>
            <unittitle>Bill 1374 (multi-sponsored)</unittitle>
            <unitdate type="inclusive" era="ce" calendar="gregorian" normal="1965">1965</unitdate>
          </did>
        </c02>
        <c02>
          <did>
            <container type="Box">2</container>
            <container type="Folder">7</container>
            <unittitle>Bill 1426</unittitle>
            <unitdate type="inclusive" era="ce" calendar="gregorian" normal="1965">1965</unitdate>
          </did>
        </c02>
        <c02>
          <did>
            <container type="Box">2</container>
            <container type="Folder">8</container>
            <unittitle>Bill 1630</unittitle>
            <unitdate type="inclusive" era="ce" calendar="gregorian" normal="1965">1965</unitdate>
          </did>
        </c02>
        <c02>
          <did>
            <container type="Box">2</container>
            <container type="Folder">9</container>
            <unittitle>Bill 1631</unittitle>
            <unitdate type="inclusive" era="ce" calendar="gregorian" normal="1965">1965</unitdate>
          </did>
        </c02>
        <c02>
          <did>
            <container type="Box">2</container>
            <container type="Folder">10</container>
            <unittitle>Bill 1632</unittitle>
            <unitdate type="inclusive" era="ce" calendar="gregorian" normal="1965">1965</unitdate>
          </did>
        </c02>
        <c02>
          <did>
            <container type="Box">2</container>
            <container type="Folder">11</container>
            <unittitle>Bill 1922</unittitle>
            <unitdate type="inclusive" era="ce" calendar="gregorian" normal="1964/1965"
              >1964-1965</unitdate>
          </did>
        </c02>
        <c02>
          <did>
            <container type="Box">2</container>
            <container type="Folder">12</container>
            <unittitle>Bill 1923</unittitle>
            <unitdate type="inclusive" era="ce" calendar="gregorian" normal="1965">1965</unitdate>
          </did>
        </c02>
        <c02>
          <did>
            <container type="Box">2</container>
            <container type="Folder">13</container>
            <unittitle>Bill 1924</unittitle>
            <unitdate type="inclusive" era="ce" calendar="gregorian" normal="1965">1965</unitdate>
          </did>
        </c02>
        <c02>
          <did>
            <container type="Box">2</container>
            <container type="Folder">14</container>
            <unittitle>Bill 1925</unittitle>
            <unitdate type="inclusive" era="ce" calendar="gregorian" normal="1965">1965</unitdate>
          </did>
        </c02>
        <c02>
          <did>
            <container type="Box">2</container>
            <container type="Folder">15</container>
            <unittitle>Bill 1926</unittitle>
            <unitdate type="inclusive" era="ce" calendar="gregorian" normal="1965">1965</unitdate>
          </did>
        </c02>
        <c02>
          <did>
            <container type="Box">2</container>
            <container type="Folder">16</container>
            <unittitle>Bill 1927</unittitle>
            <unitdate type="inclusive" era="ce" calendar="gregorian" normal="1965">1965</unitdate>
          </did>
        </c02>
        <c02>
          <did>
            <container type="Box">2</container>
            <container type="Folder">17</container>
            <unittitle>Bill 2093</unittitle>
            <unitdate type="inclusive" era="ce" calendar="gregorian" normal="1964/1965"
              >1964-1965</unitdate>
          </did>
        </c02>
        <c02>
          <did>
            <container type="Box">2</container>
            <container type="Folder">18</container>
            <unittitle>Bill 2094</unittitle>
            <unitdate type="inclusive" era="ce" calendar="gregorian" normal="1965">1965</unitdate>
          </did>
        </c02>
        <c02>
          <did>
            <container type="Box">2</container>
            <container type="Folder">19</container>
            <unittitle>Bill 2154</unittitle>
            <unitdate type="inclusive" era="ce" calendar="gregorian" normal="1965">1965</unitdate>
          </did>
        </c02>
        <c02>
          <did>
            <container type="Box">2</container>
            <container type="Folder">20</container>
            <unittitle>Bill 2155</unittitle>
            <unitdate type="inclusive" era="ce" calendar="gregorian" normal="1965">1965</unitdate>
          </did>
        </c02>
        <c02>
          <did>
            <container type="Box">2</container>
            <container type="Folder">21</container>
            <unittitle>Bill 2156</unittitle>
            <unitdate type="inclusive" era="ce" calendar="gregorian" normal="1965">1965</unitdate>
          </did>
        </c02>
        <c02>
          <did>
            <container type="Box">2</container>
            <container type="Folder">22</container>
            <unittitle>Bill 2157</unittitle>
            <unitdate type="inclusive" era="ce" calendar="gregorian" normal="1965">1965</unitdate>
          </did>
        </c02>
        <c02>
          <did>
            <container type="Box">2</container>
            <container type="Folder">23</container>
            <unittitle>Bill 2158</unittitle>
            <unitdate type="inclusive" era="ce" calendar="gregorian" normal="1964/1965"
              >1964-1965</unitdate>
          </did>
        </c02>
        <c02>
          <did>
            <container type="Box">2</container>
            <container type="Folder">24</container>
            <unittitle>Bill 2159</unittitle>
            <unitdate type="inclusive" era="ce" calendar="gregorian" normal="1965">1965</unitdate>
          </did>
        </c02>
        <c02>
          <did>
            <container type="Box">2</container>
            <container type="Folder">25</container>
            <unittitle>Bill 2438</unittitle>
            <unitdate type="inclusive" era="ce" calendar="gregorian" normal="1965">1965</unitdate>
          </did>
        </c02>
        <c02>
          <did>
            <container type="Box">2</container>
            <container type="Folder">26</container>
            <unittitle>Bill 2439</unittitle>
            <unitdate type="inclusive" era="ce" calendar="gregorian" normal="1965">1965</unitdate>
          </did>
        </c02>
        <c02>
          <did>
            <container type="Box">2</container>
            <container type="Folder">27</container>
            <unittitle>Bill 2440</unittitle>
            <unitdate type="inclusive" era="ce" calendar="gregorian" normal="1965">1965</unitdate>
          </did>
        </c02>
        <c02>
          <did>
            <container type="Box">2</container>
            <container type="Folder">28</container>
            <unittitle>Bill 2441</unittitle>
            <unitdate type="inclusive" era="ce" calendar="gregorian" normal="1965">1965</unitdate>
          </did>
        </c02>
        <c02>
          <did>
            <container type="Box">2</container>
            <container type="Folder">29</container>
            <unittitle>Bill 2442</unittitle>
            <unitdate type="inclusive" era="ce" calendar="gregorian" normal="1965">1965</unitdate>
          </did>
        </c02>
        <c02>
          <did>
            <container type="Box">2</container>
            <container type="Folder">30</container>
            <unittitle>Bill 2658</unittitle>
            <unitdate type="inclusive" era="ce" calendar="gregorian" normal="1965">1965</unitdate>
          </did>
        </c02>
        <c02>
          <did>
            <container type="Box">2</container>
            <container type="Folder">31</container>
            <unittitle>Bill 2941</unittitle>
            <unitdate type="inclusive" era="ce" calendar="gregorian" normal="1964/1965"
              >1964-1965</unitdate>
          </did>
        </c02>
        <c02>
          <did>
            <container type="Box">2</container>
            <container type="Folder">32</container>
            <unittitle>Bill 3516</unittitle>
            <unitdate type="inclusive" era="ce" calendar="gregorian" normal="1964/1965"
              >1964-1965</unitdate>
          </did>
        </c02>
        <c02>
          <did>
            <container type="Box">2</container>
            <container type="Folder">33</container>
            <unittitle>Bill 3765</unittitle>
            <unitdate type="inclusive" era="ce" calendar="gregorian" normal="1965">1965</unitdate>
          </did>
        </c02>
        <c02>
          <did>
            <container type="Box">2</container>
            <container type="Folder">34</container>
            <unittitle>Bill 3766</unittitle>
            <unitdate type="inclusive" era="ce" calendar="gregorian" normal="1965">1965</unitdate>
          </did>
        </c02>
        <c02>
          <did>
            <container type="Box">2</container>
            <container type="Folder">35</container>
            <unittitle>Bill 3771 (multi-sponsored)</unittitle>
            <unitdate type="inclusive" era="ce" calendar="gregorian" normal="1965">1965</unitdate>
          </did>
        </c02>
        <c02>
          <did>
            <container type="Box">2</container>
            <container type="Folder">36</container>
            <unittitle>Bill 3821</unittitle>
            <unitdate type="inclusive" era="ce" calendar="gregorian" normal="1965">1965</unitdate>
          </did>
        </c02>
        <c02>
          <did>
            <container type="Box">2</container>
            <container type="Folder">37</container>
            <unittitle>Bill 3822</unittitle>
            <unitdate type="inclusive" era="ce" calendar="gregorian" normal="1965">1965</unitdate>
          </did>
        </c02>
        <c02>
          <did>
            <container type="Box">2</container>
            <container type="Folder">38</container>
            <unittitle>Bill 3823</unittitle>
            <unitdate type="inclusive" era="ce" calendar="gregorian" normal="1965">1965</unitdate>
          </did>
        </c02>
        <c02>
          <did>
            <container type="Box">2</container>
            <container type="Folder">39</container>
            <unittitle>Bill 4006 (Multi-sponsored)</unittitle>
            <unitdate type="inclusive" era="ce" calendar="gregorian" normal="1965">1965</unitdate>
          </did>
        </c02>
        <c02>
          <did>
            <container type="Box">2</container>
            <container type="Folder">40</container>
            <unittitle>Bills 4256-4263</unittitle>
            <unitdate type="inclusive" era="ce" calendar="gregorian" normal="1965">1965</unitdate>
          </did>
        </c02>
        <c02>
          <did>
            <container type="Box">2</container>
            <container type="Folder">41</container>
            <unittitle>Bill 4264</unittitle>
            <unitdate type="inclusive" era="ce" calendar="gregorian" normal="1965">1965</unitdate>
          </did>
        </c02>
        <c02>
          <did>
            <container type="Box">2</container>
            <container type="Folder">42</container>
            <unittitle>Bill 4265</unittitle>
            <unitdate type="inclusive" era="ce" calendar="gregorian" normal="1965">1965</unitdate>
          </did>
        </c02>
        <c02>
          <did>
            <container type="Box">2</container>
            <container type="Folder">43</container>
            <unittitle>Bill 4266</unittitle>
            <unitdate type="inclusive" era="ce" calendar="gregorian" normal="1965">1965</unitdate>
          </did>
        </c02>
        <c02>
          <did>
            <container type="Box">2</container>
            <container type="Folder">44</container>
            <unittitle>Bill 4267</unittitle>
            <unitdate type="inclusive" era="ce" calendar="gregorian" normal="1965">1965</unitdate>
          </did>
        </c02>
        <c02>
          <did>
            <container type="Box">2</container>
            <container type="Folder">45</container>
            <unittitle>Bill 4326</unittitle>
            <unitdate type="inclusive" era="ce" calendar="gregorian" normal="1965">1965</unitdate>
          </did>
        </c02>
        <c02>
          <did>
            <container type="Box">2</container>
            <container type="Folder">46</container>
            <unittitle>Bill 4327</unittitle>
            <unitdate type="inclusive" era="ce" calendar="gregorian" normal="1965">1965</unitdate>
          </did>
        </c02>
        <c02>
          <did>
            <container type="Box">2</container>
            <container type="Folder">47</container>
            <unittitle>Bill 4468</unittitle>
            <unitdate type="inclusive" era="ce" calendar="gregorian" normal="1965">1965</unitdate>
          </did>
        </c02>
        <c02>
          <did>
            <container type="Box">2</container>
            <container type="Folder">48</container>
            <unittitle>Bill 4469</unittitle>
            <unitdate type="inclusive" era="ce" calendar="gregorian" normal="1965">1965</unitdate>
          </did>
        </c02>
        <c02>
          <did>
            <container type="Box">2</container>
            <container type="Folder">49</container>
            <unittitle>Bill 4470</unittitle>
            <unitdate type="inclusive" era="ce" calendar="gregorian" normal="1965">1965</unitdate>
          </did>
        </c02>
        <c02>
          <did>
            <container type="Box">2</container>
            <container type="Folder">50</container>
            <unittitle>Bill 4471</unittitle>
            <unitdate type="inclusive" era="ce" calendar="gregorian" normal="1965">1965</unitdate>
          </did>
        </c02>
        <c02>
          <did>
            <container type="Box">2</container>
            <container type="Folder">51</container>
            <unittitle>Bill 5025</unittitle>
            <unitdate type="inclusive" era="ce" calendar="gregorian" normal="1965">1965</unitdate>
          </did>
        </c02>
        <c02>
          <did>
            <container type="Box">3</container>
            <container type="Folder">1</container>
            <unittitle>Bill 5085</unittitle>
            <unitdate type="inclusive" era="ce" calendar="gregorian" normal="1965">1965</unitdate>
          </did>
        </c02>
        <c02>
          <did>
            <container type="Box">3</container>
            <container type="Folder">2</container>
            <unittitle>Bill 5098</unittitle>
            <unitdate type="inclusive" era="ce" calendar="gregorian" normal="1965">1965</unitdate>
          </did>
        </c02>
        <c02>
          <did>
            <container type="Box">3</container>
            <container type="Folder">3</container>
            <unittitle>Bill 5259</unittitle>
            <unitdate type="inclusive" era="ce" calendar="gregorian" normal="1965">1965</unitdate>
          </did>
        </c02>
        <c02>
          <did>
            <container type="Box">3</container>
            <container type="Folder">4</container>
            <unittitle>Bill 5681 (Multi-sponsored)</unittitle>
            <unitdate type="inclusive" era="ce" calendar="gregorian" normal="1965">1965</unitdate>
          </did>
        </c02>
        <c02>
          <did>
            <container type="Box">3</container>
            <container type="Folder">5</container>
            <unittitle>Bill 5903</unittitle>
            <unitdate type="inclusive" era="ce" calendar="gregorian" normal="1965">1965</unitdate>
          </did>
        </c02>
        <c02>
          <did>
            <container type="Box">3</container>
            <container type="Folder">6</container>
            <unittitle>Bill 5951</unittitle>
            <unitdate type="inclusive" era="ce" calendar="gregorian" normal="1965">1965</unitdate>
          </did>
        </c02>
        <c02>
          <did>
            <container type="Box">3</container>
            <container type="Folder">7</container>
            <unittitle>Bill 5984</unittitle>
            <unitdate type="inclusive" era="ce" calendar="gregorian" normal="1965">1965</unitdate>
          </did>
        </c02>
        <c02>
          <did>
            <container type="Box">3</container>
            <container type="Folder">8</container>
            <unittitle>Bill 5986</unittitle>
            <unitdate type="inclusive" era="ce" calendar="gregorian" normal="1965">1965</unitdate>
          </did>
        </c02>
        <c02>
          <did>
            <container type="Box">3</container>
            <container type="Folder">9</container>
            <unittitle>Bill 6133</unittitle>
            <unitdate type="inclusive" era="ce" calendar="gregorian" normal="1965">1965</unitdate>
          </did>
        </c02>
        <c02>
          <did>
            <container type="Box">3</container>
            <container type="Folder">10</container>
            <unittitle>Bill 6164</unittitle>
            <unitdate type="inclusive" era="ce" calendar="gregorian" normal="1965">1965</unitdate>
          </did>
        </c02>
        <c02>
          <did>
            <container type="Box">3</container>
            <container type="Folder">11</container>
            <unittitle>Resolution II</unittitle>
            <unitdate type="inclusive" era="ce" calendar="gregorian" normal="1965">1965</unitdate>
          </did>
        </c02>
        <c02>
          <did>
            <container type="Box">3</container>
            <container type="Folder">12</container>
            <unittitle>Resolution 57</unittitle>
            <unitdate type="inclusive" era="ce" calendar="gregorian" normal="1965">1965</unitdate>
          </did>
        </c02>
        <c02>
          <did>
            <container type="Box">3</container>
            <container type="Folder">13</container>
            <unittitle>Resolutions 84-85-86</unittitle>
            <unitdate type="inclusive" era="ce" calendar="gregorian" normal="1965">1965</unitdate>
          </did>
        </c02>
        <c02>
          <did>
            <container type="Box">3</container>
            <container type="Folder">14</container>
            <unittitle>Resolution 87</unittitle>
            <unitdate type="inclusive" era="ce" calendar="gregorian" normal="1965">1965</unitdate>
          </did>
        </c02>
        <c02>
          <did>
            <container type="Box">3</container>
            <container type="Folder">15</container>
            <unittitle>Resolution 89</unittitle>
            <unitdate type="inclusive" era="ce" calendar="gregorian" normal="1965">1965</unitdate>
          </did>
        </c02>
        <c02>
          <did>
            <container type="Box">3</container>
            <container type="Folder">16</container>
            <unittitle>Resolution 120-121-141</unittitle>
            <unitdate type="inclusive" era="ce" calendar="gregorian" normal="1965">1965</unitdate>
          </did>
        </c02>
        <c02>
          <did>
            <container type="Box">3</container>
            <container type="Folder">17</container>
            <unittitle>Resolution 282</unittitle>
            <unitdate type="inclusive" era="ce" calendar="gregorian" normal="1965">1965</unitdate>
          </did>
        </c02>
        <c02>
          <did>
            <container type="Box">3</container>
            <container type="Folder">18</container>
            <unittitle>Resolution 301</unittitle>
            <unitdate type="inclusive" era="ce" calendar="gregorian" normal="1965">1965</unitdate>
          </did>
        </c02>
      </c01>
    </dsc>
  </archdesc>
</ead>
