<?xml version="1.0"?>
<?xml-stylesheet type="text/xsl" href="eadcbs6-su1_mw_no_series.xsl"?> 

<!DOCTYPE ead SYSTEM "ead.dtd" [

<!ENTITY address "1400 Washington Avenue / Albany, New York 12222">
<!ENTITY contact "For reference queries contact Grenander Department Reference staff or (518)-437-3934">
<!ENTITY copy "&#169;">
]>
<ead id="apap338">
  <eadheader audience="external" findaidstatus="edited-full-draft" langencoding="iso639-2b"
    countryencoding="iso3166-1" dateencoding="iso8601" repositoryencoding="iso15511"
    scriptencoding="iso15924" relatedencoding="DC">
    <eadid countrycode="US" mainagencycode="nalsu"
      url="http://library.albany.edu/speccoll/findaids/apap338.xml" identifier="##">APAP-338</eadid>

    <filedesc>
      <titlestmt>
        <titleproper>MURRAY WEISS PAPERS (APAP-338), <date normal="1951/1961" type="inclusive"
            >1951-1961</date></titleproper>
        <author>Jamie Brinkman</author>
      </titlestmt>
      <publicationstmt>
        <publisher> M. E. Grenander Department of Special Collections and Archives </publisher>
        <address>
              <addressline>
                1400 Washington Avenue / Albany, New York 12222
              </addressline>
            </address>
        <date type="publication"> &copy; 2014 By the University at Albany, SUNY. All rights
          reserved. </date>
      </publicationstmt>
    </filedesc>

    <profiledesc>
      <creation>Jamie Brinkman<date normal="2014">2014</date>
      </creation>
      <langusage>
        <language langcode="eng" encodinganalog="Language">English</language>
      </langusage>
    </profiledesc>

    <revisiondesc>
      <change>
        <date/>
        <item/>
      </change>
    </revisiondesc>

  </eadheader>
  <frontmatter>
    <titlepage>
      <titleproper>MURRAY WEISS PAPERS, <date normal="1951/1961" type="inclusive">1951-1961</date>
      </titleproper>
      <publisher> M. E. Grenander Department of Special Collections and Archives</publisher>
      <date type="publication">2014</date>
      <p>&contact;</p>
    </titlepage>
  </frontmatter>

  <archdesc level="collection">
    <did>
      <head> Descriptive Summary </head>
      <unittitle>Murray Weiss Papers <unitdate type="inclusive" normal="1951/1961" label="Date:">
          1951-1961</unitdate>
      </unittitle>
      <physdesc label="Physical Characteristics:"> .33 cubic ft. </physdesc>
      <repository label="Repository:"> M. E. Grenander Department of Special Collections and
        Archives, University at Albany, SUNY </repository>
      <abstract label="Abstract:"> The Murray Weiss Papers contain photographs taken during Weiss'
        tenure as a counselor and swimming instructor at Camp Woodland.</abstract>
      <langmaterial>The materials in the collection are in <language langcode="eng"
          >English</language>.</langmaterial>


      <physloc label="Storage:">The materials are located onsite in the department.</physloc>
    </did>
    <accessrestrict>
      <head> Access </head>
      <p> Access to this record group is unrestricted. </p>
    </accessrestrict>
    <userestrict>
      <head> Copyright </head>
      <p> The researcher assumes full responsibility for conforming with the laws of copyright.
        Whenever possible, the M.E. Grenander Department of Special Collections and Archives will
        provide information about copyright owners and other restrictions, but the legal
        determination ultimately rests with the researcher. Requests for permission to publish
        material from this collection should be discussed with the Head of Special Collections and
        Archives. </p>
    </userestrict>
    <acqinfo>
      <head> Acquisition Information </head>
      <p>Murray Weiss donated his papers to the M.E. Grenander Department of Special Collections in
        2013. </p>
    </acqinfo>
    <bioghist>
      <head> Biographical Sketch </head>
      <p>Murray Weiss was born in 1926 in New York City. He was a counselor and swimming instructor
        at Camp Woodland in Phoenicia, New York, under the direction of Norman Studer. Weiss often
        photographed campers and camp guests. He also took pictures of local residents and
        landscapes.</p>
      <p>A photographer for more than 60 years, Weiss' work is featured in a number of galleries and
        museums including the Milwaukee Art Museum and the Philadelphia Museum of Art. He also spent
        many years as a professor and lecturer, most notably at the Philadelphia University of
        Art.</p>
    </bioghist>

    <scopecontent>
      <head> Scope and Content Information </head>
      <p>The collection includes photographs and negatives taken by Mr. Weiss during the 1950s and
        1960s at Camp Woodland. Weiss' negatives and prints depict events, like the Folk Festival of the Catskills,
        Sunday meetings at camp, and field trips. Weiss captured visitors to the camp on film,
        including Pete Seeger, Red Thunder Cloud, and Bessie Jones, as well as area Catskill
        residents.</p>
      <p>For additional information about and photographs of Camp Woodland, please see the Norman
        Studer Papers, APAP-116.</p>
    </scopecontent>

    <arrangement encodinganalog="351$a">
      <head>Arrangement of the Collection</head>
      <p>The collection is organized chronologically. There are no series.</p>
    </arrangement>

    <!-- The controlaccess section contains the various subject headings (access points) for the collection.
           Copy and paste to create more of them, as needed.  Use the Library of Congress Name Authority 
           Files (lcnaf) and subject headings (lcsh), the Art and Architecture Thesaurus (aat), or other 
           standards as applicable.  For each one, include the source attribute (for example, source="lcnaf"). 
           If you need to use terms that aren't in any of the sources, that's fine, just set source="local" . 
           Try to give as many access points as you can to increase the chances of 
           researchers finding your data.  Any that you do not use, or that are not applicable, be sure 
           to comment them out! -->

    <controlaccess>
      <head>Subject and Genre Headings</head>

      <persname encodinganalog="600" source="local">Weiss, Murray</persname>
      <persname encodinganalog="600" source="lcsh">Studer, Norman</persname>
      <corpname encodinganalog="610" source="local">Camp Woodland</corpname>

      <subject encodinganalog="650" source="lcsh">Camps--New York (State)</subject>
      <subject encodinganalog="650" source="lcsh">Folk festivals--New York (State)</subject>


      <genreform encodinganalog="655" source="aat">Black-and-white photographs</genreform>
      <genreform encodinganalog="655" source="aat">Negatives (photographic)</genreform>

    </controlaccess>


    <prefercite encodinganalog="524">
      <head>Preferred Citation</head>
      <p>Preferred citation for this material is as follows:</p>
      <p>Identification of specific item, series, box, folder, Murray Weiss Papers, 1951-1961. M.E.
        Grenander Department of Special Collections and Archives, University Libraries, University
        at Albany, State University of New York (hereafter referred to as the Weiss Papers).</p>
    </prefercite>

    <!-- <appraisal encodinganalog="583">
         <head>Appraisal Information</head>
         <p>## OPT Give the value of the collection and the date appraised.</p>
      </appraisal>-->

    <!--<accruals encodinganalog="584">
         <head>Accruals</head>
         <p>## OPT If additions to the collection are anticipated, state when, how, how much,
            etc.</p>
      </accruals>-->

    <dsc type="combined">
      <head>Container List</head>
      <c01>
        <did>
          <container type="Box">1</container>
          <container type="Folder">1</container>
          <unittitle>Duloff's</unittitle>
          <unitdate type="inclusive" era="ce" calendar="gregorian" normal="1951/1952"
            >1951-1952</unitdate>
        </did>
      </c01>
      <c01>
        <did>
          <container type="Box">1</container>
          <container type="Folder">2</container>
          <unittitle>Harry Siemsen</unittitle>
          <unitdate type="inclusive" era="ce" calendar="gregorian" normal="1952">1952</unitdate>
        </did>
      </c01>
      <c01>
        <did>
          <container type="Box">1</container>
          <container type="Folder">3</container>
          <unittitle>Postmistresses</unittitle>
          <unitdate type="inclusive" era="ce" calendar="gregorian" normal="1952">1952</unitdate>
        </did>
      </c01>
      <c01>
        <did>
          <container type="Box">1</container>
          <container type="Folder">4</container>
          <unittitle>Quarry, Sawkill, and Mr. Oakley at Hurley</unittitle>
          <unitdate type="inclusive" era="ce" calendar="gregorian" normal="1952">1952</unitdate>
        </did>
      </c01>
      <c01>
        <did>
          <container type="Box">1</container>
          <container type="Folder">5</container>
          <unittitle>Orson Slack</unittitle>
          <unitdate type="inclusive" era="ce" calendar="gregorian" normal="1952">1952</unitdate>
        </did>
      </c01>
      <c01>
        <did>
          <container type="Box">1</container>
          <container type="Folder">6</container>
          <unittitle>Mary Kiersten</unittitle>
          <unitdate type="inclusive" era="ce" calendar="gregorian" normal="1952">1952</unitdate>
        </did>
      </c01>
      <c01>
        <did>
          <container type="Box">1</container>
          <container type="Folder">7</container>
          <unittitle>Hunt, a Raftsman</unittitle>
          <unitdate type="inclusive" era="ce" calendar="gregorian" normal="1953">1953</unitdate>
        </did>
      </c01>
      <c01>
        <did>
          <container type="Box">1</container>
          <container type="Folder">8</container>
          <unittitle>Woodland Museum, Mike Todd</unittitle>
          <unitdate type="inclusive" era="ce" calendar="gregorian" normal="1953">1953</unitdate>
        </did>
      </c01>
      <c01>
        <did>
          <container type="Box">1</container>
          <container type="Folder">9</container>
          <unittitle>Various Camp Activities</unittitle>
          <unitdate type="inclusive" era="ce" calendar="gregorian" normal="1955">1955</unitdate>
        </did>
      </c01>
      <c01>
        <did>
          <container type="Box">1</container>
          <container type="Folder">10</container>
          <unittitle>Camp Woodland Festival Cantata</unittitle>
          <unitdate type="inclusive" era="ce" calendar="gregorian" normal="1958">1958</unitdate>
        </did>
      </c01>
      <c01>
        <did>
          <container type="Box">1</container>
          <container type="Folder">11</container>
          <unittitle>Sunday Meetings</unittitle>
          <unitdate type="inclusive" era="ce" calendar="gregorian" normal="1961">1961</unitdate>
        </did>
      </c01>
      <c01>
        <did>
          <container type="Box">1</container>
          <container type="Folder">12</container>
          <unittitle>Olympics, Work Campers, Junior Camp, and Drug Union Kids</unittitle>
          <unitdate type="inclusive" era="ce" calendar="gregorian" normal="1961">1961</unitdate>
        </did>
      </c01>
      <c01>
        <did>
          <container type="Box">1</container>
          <container type="Folder">13</container>
          <unittitle>Cooperstown Farmers' Museum Field Trip</unittitle>
          <unitdate type="inclusive" era="ce" calendar="gregorian" normal="1961">1961</unitdate>
        </did>
      </c01>
      <c01>
        <did>
          <container type="Box">1</container>
          <container type="Folder">14</container>
          <unittitle>D &amp; H Canal and Work Campers' Bike Trip</unittitle>
          <unitdate type="inclusive" era="ce" calendar="gregorian" normal="1961">1961</unitdate>
        </did>
      </c01>
      <c01>
        <did>
          <container type="Box">1</container>
          <container type="Folder">15</container>
          <unittitle>Hikes with Norman Studer</unittitle>
          <unitdate type="inclusive" era="ce" calendar="gregorian" normal="1961">1961</unitdate>
        </did>
      </c01>
      <c01>
        <did>
          <container type="Box">1</container>
          <container type="Folder">16</container>
          <unittitle>Hoop Shaving Sheds</unittitle>
          <unitdate type="inclusive" era="ce" calendar="gregorian" normal="1961">1961</unitdate>
        </did>
      </c01>
      <c01>
        <did>
          <container type="Box">1</container>
          <container type="Folder">17</container>
          <unittitle>Various Landscapes and Locations</unittitle>
          <unitdate type="inclusive" era="ce" calendar="gregorian" normal="1961">1961</unitdate>
        </did>
      </c01>
    </dsc>
  </archdesc>
</ead>
