﻿<?xml version="1.0"?>
<?xml-stylesheet type="text/xsl" href="eadcbs6-su1_mw_no_series.xsl"?> 
    
    <!DOCTYPE ead SYSTEM "ead.dtd" [

<!ENTITY address "1400 Washington Avenue / Albany, New York 12222">
<!ENTITY contact "For reference queries contact Grenander Department Reference staff or (518)-437-3934">
<!ENTITY copy "&#169;">
]>
<ead id="apap261">
  <eadheader audience="external" findaidstatus="edited-full-draft" langencoding="iso639-2b"
    countryencoding="iso3166-1" dateencoding="iso8601" repositoryencoding="iso15511"
    scriptencoding="iso15924" relatedencoding="DC">
    <eadid countrycode="US" mainagencycode="nalsu" url="http://library.albany.edu/speccoll/findaids/apap261.xml"
      identifier="##">APAP-261</eadid>

    <filedesc>
      <titlestmt>
        <titleproper>TARKY LOMBARDI, JR. PAPERS, (APAP-261), <date normal="1966/1967"
            type="inclusive">1966-1967</date></titleproper>
        <author>Michael Paulmeno</author>
      </titlestmt>
      <publicationstmt>
        <publisher> M. E. Grenander Department of Special Collections and Archives </publisher>
        <address>
              <addressline>
                1400 Washington Avenue / Albany, New York 12222
              </addressline>
            </address>
        <date type="publication"> &copy; 2011 By the University at Albany, SUNY. All rights
          reserved. </date>
      </publicationstmt>
    </filedesc>

    <profiledesc>
      <creation>Jodi Boyle<date normal="2011">2011</date>
      </creation>
      <langusage>
        <language langcode="eng" encodinganalog="Language">English</language>
      </langusage>
    </profiledesc>

    <revisiondesc>
      <change>
        <date> </date>
        <item> </item>
      </change>
    </revisiondesc>

  </eadheader>
  <frontmatter>
    <titlepage>
      <titleproper>TARKY LOMBARDI, JR. PAPERS, <date normal="1966/1967" type="inclusive"
          >1966-1967</date>
      </titleproper>
      <publisher> M. E. Grenander Department of Special Collections and Archives</publisher>
      <date type="publication">2011</date>
      <p>&contact;</p>
    </titlepage>
  </frontmatter>

  <archdesc level="collection">
    <did>
      <head> Descriptive Summary </head>
      <unittitle>Tarky Lombardi, Jr. Papers <unitdate type="inclusive" normal="1966/1967"
          label="Date:"> 1966-1967</unitdate>
      </unittitle>
      <physdesc label="Physical Characteristics:"> 1.0 cubic ft. </physdesc>
      <repository label="Repository:"> M. E. Grenander Department of Special Collections and
        Archives, University at Albany, SUNY </repository>
      <abstract label="Abstract:"> The Tarky Lombardi, Jr. Papers contain correspondence documenting Lombardi's first term in the New York State Senate from 1966-1967.</abstract>
<langmaterial>The materials in the collection are in <language langcode="eng"
        >English</language>.</langmaterial>

      <physloc label="Storage:">The materials are located onsite in the department.</physloc>
    </did>
    <accessrestrict>
      <head> Access </head>
      <p> Access to this record group is unrestricted. </p>
    </accessrestrict>
    <userestrict>
      <head> Copyright </head>
      <p> The researcher assumes full responsibility for conforming with the laws of copyright.
        Whenever possible, the M.E. Grenander Department of Special Collections and Archives will
        provide information about copyright owners and other restrictions, but the legal
        determination ultimately rests with the researcher. Requests for permission to publish
        material from this collection should be discussed with the Head of Special Collections and
        Archives. </p>
    </userestrict>
    <acqinfo>
      <head> Acquisition Information </head>
      <p>Tarky Lombardi initially donated his papers to Syracuse University in the late 1960s. In
        2006, the papers were transferred to the M.E. Grenander Department of Special Collections
        and Archives. </p>
    </acqinfo>
    <bioghist>
      <head> Biographical Sketch </head>
      <p>Tarky Lombardi was born in 1929 and represented the 49th district in Central New York in the New York State Senate
        as a member of the Republican party. Voters first elected Lombardi to
        his seat in 1965 and he served until retiring in 1992. Earlier he spent six years on the
        Syracuse Common Council, including a number of years as its majority leader. A U.S. Army
        veteran, Lombardi graduated from the New York Military Academy and received a bachelor of
        science degree as well as a juris doctor from Syracuse University. He and his wife Marianne
        had five children.</p>

      <p>While a State Senator, he served on a number of committees. He was chairman of the Senate
        Finance Committee from 1989-1992, the Senate Health Committee from 1971-1989, and the Senate
        Special Committee on the Culture Industry. In addition, Lombardi served as a member of the
        Codes, Education, Judiciary, Rules, and Veterans committees. During his career, Lombardi was
        known for his healthcare efforts, as well as advocating for medical malpractice reform. He was
        chairman of the State Council on Healthcare Financing, and a member of the Assembly on the
        Legislature, Human Resources and Arts, Tourism, and Cultural Resources committees of the
        Executive Committee of the National Conference of State Legislatures. Lombardi was a member
        of the Council of State Governments and chairman of its Committee on Human
        Resources.</p>

      <p>During his career, Lombardi received a number of awards including the Terence Cardinal
        Cooke Award, Legislator of the Year from the National Association for Homecare, the Arents
        Medal, and the Simon LeMoyne Medal. He also introduced legislation to establish the New York State
        Writers Institute at the University at Albany. After retiring from politics, Lombardi
        returned to work at the Syracuse-based law firm of Devorsetz, Stinziano, Gilberti, Heintz,
        and Smith P.C. He helped found the firm in 1966, then known as Lombardi Devorsetz Stinziano
        and Smith, P.C.</p>
    </bioghist>

    <scopecontent>
      <head> Scope and Content Information </head>
      <p>The Tarky Lombardi, Jr. Papers document only his earliest years in the New York State
        Senate (1966-1967). They are almost entirely correspondence with a few newspaper clippings
        attached to incoming letters. The correspondence is primarily constituent mail and topics vary, but generally relate to a bill pending in the State Senate.  
There is a small amount of correspondence
        with fellow legislators. In all instances, the incoming letter is attached to a copy of the
        outgoing one.</p>
    </scopecontent>

    <arrangement encodinganalog="351$a">
      <head>Arrangement of the Collection</head>
      <p>The collection is organized chronologically. There are no series.</p>
    </arrangement>

    <!-- The controlaccess section contains the various subject headings (access points) for the collection.
           Copy and paste to create more of them, as needed.  Use the Library of Congress Name Authority 
           Files (lcnaf) and subject headings (lcsh), the Art and Architecture Thesaurus (aat), or other 
           standards as applicable.  For each one, include the source attribute (for example, source="lcnaf"). 
           If you need to use terms that aren't in any of the sources, that's fine, just set source="local" . 
           Try to give as many access points as you can to increase the chances of 
           researchers finding your data.  Any that you do not use, or that are not applicable, be sure 
           to comment them out! -->

    <controlaccess>
      <head>Subject and Genre Headings</head>

      <persname encodinganalog="600" source="lcsh">Lombardi, Tarky</persname>

      <corpname encodinganalog="610" source="lcsh">New York (State). Legislature. Senate </corpname>



      <subject encodinganalog="650" source="lcsh">Politicians--New York (State)</subject>

      <geogname encodinganalog="651" source="lcsh">New York (State)--Politics and
        government</geogname>
      <geogname encodinganalog="651" source="lcsh">Syracuse (N.Y.)</geogname>

      <genreform encodinganalog="655" source="aat">Clippings</genreform>
      <genreform encodinganalog="655" source="aat">Correspondence</genreform>
    </controlaccess>


    <prefercite encodinganalog="524">
      <head>Preferred Citation</head>
      <p>Preferred citation for this material is as follows:</p>
      <p>Identification of specific item, series, box, folder, Tarky Lombardi, Jr. Papers,
        1966-1967. M.E. Grenander Department of Special Collections and Archives, University
        Libraries, University at Albany, State University of New York (hereafter referred to as the
        Lombardi Papers).</p>
    </prefercite>

    <!-- <appraisal encodinganalog="583">
         <head>Appraisal Information</head>
         <p>## OPT Give the value of the collection and the date appraised.</p>
      </appraisal>-->

    <!--<accruals encodinganalog="584">
         <head>Accruals</head>
         <p>## OPT If additions to the collection are anticipated, state when, how, how much,
            etc.</p>
      </accruals>-->

    <dsc type="combined">
      <head>Container List</head>
      <c01>
        <did>
          <container type="Box">1</container>
          <container type="Folder">1</container>
          <unittitle>Correspondence</unittitle>
          <unitdate type="inclusive" era="ce" calendar="gregorian" normal="1966-01">January
            1966</unitdate>
        </did>
      </c01>
      <c01>
        <did>
          <container type="Box">1</container>
          <container type="Folder">2</container>
          <unittitle>Correspondence</unittitle>
          <unitdate type="inclusive" era="ce" calendar="gregorian" normal="1966-02">February
            1966</unitdate>
        </did>
      </c01>
      <c01>
        <did>
          <container type="Box">1</container>
          <container type="Folder">3-5</container>
          <unittitle>Correspondence</unittitle>
          <unitdate type="inclusive" era="ce" calendar="gregorian" normal="1966-03">March
            1966</unitdate>
        </did>
      </c01>
      <c01>
        <did>
          <container type="Box">1</container>
          <container type="Folder">6-7</container>
          <unittitle>Correspondence</unittitle>
          <unitdate type="inclusive" era="ce" calendar="gregorian" normal="1966-04">April
            1966</unitdate>
        </did>
      </c01>
      <c01>
        <did>
          <container type="Box">1</container>
          <container type="Folder">8</container>
          <unittitle>Correspondence</unittitle>
          <unitdate type="inclusive" era="ce" calendar="gregorian" normal="1966-05">May
            1966</unitdate>
        </did>
      </c01>
      <c01>
        <did>
          <container type="Box">1</container>
          <container type="Folder">9</container>
          <unittitle>Correspondence</unittitle>
          <unitdate type="inclusive" era="ce" calendar="gregorian" normal="1966-06">June
            1966</unitdate>
        </did>
      </c01>
      <c01>
        <did>
          <container type="Box">1</container>
          <container type="Folder">10</container>
          <unittitle>Correspondence</unittitle>
          <unitdate type="inclusive" era="ce" calendar="gregorian" normal="1966-09">September
            1966</unitdate>
        </did>
      </c01>
      <c01>
        <did>
          <container type="Box">1</container>
          <container type="Folder">11</container>
          <unittitle>Correspondence</unittitle>
          <unitdate type="inclusive" era="ce" calendar="gregorian" normal="1966-12">December
            1966</unitdate>
        </did>
      </c01>
      <c01>
        <did>
          <container type="Box">1</container>
          <container type="Folder">12</container>
          <unittitle>Correspondence</unittitle>
          <unitdate type="inclusive" era="ce" calendar="gregorian" normal="1967-01">January
            1967</unitdate>
        </did>
      </c01>
      <c01>
        <did>
          <container type="Box">1</container>
          <container type="Folder">13-18</container>
          <unittitle>Correspondence</unittitle>
          <unitdate type="inclusive" era="ce" calendar="gregorian" normal="1967-02">February
            1967</unitdate>
        </did>
      </c01>
      <c01>
        <did>
          <container type="Box">1</container>
          <container type="Folder">19-31</container>
          <unittitle>Correspondence</unittitle>
          <unitdate type="inclusive" era="ce" calendar="gregorian" normal="1967-03">March
            1967</unitdate>
        </did>
      </c01>
      <c01>
        <did>
          <container type="Box">1</container>
          <container type="Folder">32</container>
          <unittitle>Correspondence</unittitle>
          <unitdate type="inclusive" era="ce" calendar="gregorian" normal="1967-04">April
            1967</unitdate>
        </did>
      </c01>
      <c01>
        <did>
          <container type="Box">1</container>
          <container type="Folder">33</container>
          <unittitle>Correspondence</unittitle>
          <unitdate type="inclusive" era="ce" calendar="gregorian" normal="1966/1967"
            >Undated</unitdate>
        </did>
      </c01>
    </dsc>
  </archdesc>
</ead>
