﻿<?xml version="1.0"?>
<?xml-stylesheet type="text/xsl" href="eadcbs6-su1_mw.xsl"?> 

<!DOCTYPE ead SYSTEM "ead.dtd" [

<!ENTITY address "1400 Washington Avenue / Albany, New York 12222">
<!ENTITY contact "For reference queries contact Grenander Department Reference staff or (518)-437-3934">
<!ENTITY copy "&#169;">
]>
<ead id="apap045">
  <eadheader audience="external" findaidstatus="edited-full-draft" langencoding="iso639-2b"
    countryencoding="iso3166-1" dateencoding="iso8601" repositoryencoding="iso15511"
    scriptencoding="iso15924" relatedencoding="MARC21">
    <eadid countrycode="US" mainagencycode="nalsu" url="http://library.albany.edu/speccoll/findaids/apap045.xml"
      identifier="##">APAP-045</eadid>

    <filedesc>
      <titlestmt>
        <titleproper>LIBBY POST PAPERS (APAP-045), <date normal="1978/2005" type="inclusive"
            >1978-2005</date></titleproper>
        <author>Rita M. Mignacca</author>
      </titlestmt>
      <publicationstmt>
        <publisher> M. E. Grenander Department of Special Collections and Archives </publisher>
        <address>
              <addressline>
                1400 Washington Avenue / Albany, New York 12222
              </addressline>
            </address>
        <date type="publication"> &copy; 1998 By the University at Albany, SUNY. All rights
          reserved. </date>
      </publicationstmt>
    </filedesc>

    <profiledesc>
      <creation>Chloe Pfendler<date normal="2013">2013</date>
      </creation>
      <langusage>
        <language langcode="eng" encodinganalog="Language">English</language>
      </langusage>
    </profiledesc>

    <revisiondesc>
      <change>
        <date normal="199906">June 1999</date>
        <item>This collection was further processed and the arrangement further updated by Kevin
          Glick</item>
      </change>
      <change>
        <date normal="200410">October 2004</date>
        <item>This collection was further processed and the arrangement further updated by Joshua
          Hauck Whealton</item>
      </change>
      <change>
        <date normal="201307">July 2013</date>
        <item>This collection was most recently processed by Chloe Pfendler. Updates include
          creation of an EAD finding aid and the processing of all the materials from the 2005 and
          2006 donations to the collection.</item>
      </change>
    </revisiondesc>

  </eadheader>
  <frontmatter>
    <titlepage>
      <titleproper>LIBBY POST PAPERS, <date normal="1978/2005" type="inclusive">1978-2005</date>
      </titleproper>
      <publisher> M. E. Grenander Department of Special Collections and Archives</publisher>
      <date type="publication">2013</date>
      <p>&contact;</p>
    </titlepage>
  </frontmatter>

  <archdesc level="collection">
    <did>
      <head> Descriptive Summary </head>
      <unittitle>Libby Post Papers <unitdate type="inclusive" normal="1978/2005" label="Date:">
          1978-2005</unitdate>
      </unittitle>
      <physdesc label="Physical Characteristics:"> 4.18 cubic ft. </physdesc>
      <repository label="Repository:"> M. E. Grenander Department of Special Collections and
        Archives, University at Albany, SUNY </repository>
      <abstract label="Abstract:"> The Libby Post Papers contain political campaign documents,
        professional correspondences, news clippings, meeting minutes, agendas, document drafts,
        press releases, news letters, civil activism notes, and other materials that document her
        involvement securing various LGBT rights and with political organizations, as well as the
        general LGBT community in Albany, NY. </abstract>
      <langmaterial>The materials in the collection are in <language langcode="eng"
          >English</language>.</langmaterial>


      <physloc label="Storage:">The materials are located onsite in the department.</physloc>
    </did>
    <accessrestrict>
      <head> Access </head>
      <p> Access to this record group is unrestricted with the exception of one folder in Series 5
        noted in the container list. </p>
    </accessrestrict>
    <userestrict>
      <head> Copyright </head>
      <p> The researcher assumes full responsibility for conforming with the laws of copyright.
        Whenever possible, the M.E. Grenander Department of Special Collections and Archives will
        provide information about copyright owners and other restrictions, but the legal
        determination ultimately rests with the researcher. Requests for permission to publish
        material from this collection should be discussed with the Head of Special Collections and
        Archives. </p>
    </userestrict>
    <acqinfo>
      <head> Acquisition Information </head>
      <p>Libby Post donated all items in this manuscript group to the University Libraries, M.E.
        Grenander Department of Special Collections and Archives, in May 1994, May 2003, December
        2005, and June 2006.</p>
    </acqinfo>
    <bioghist>
      <head> Biographical Sketch </head>

      <p>Libby Post has served as press secretary, campaign manager, and media coordinator for
        various politicians and organizations in New York State's Capital Region. Her academic
        credentials include an MA in political communications from the State University of New York
        at Albany. Post's political consulting and public relations firm, Communication Services,[1]
        has worked with a number of Democratic candidates in their quests for elected office. Post's
        work is a combination of her profession as media coordinator and her own political activism.
        Her early work as part of the Equal Rights Amendment (ERA) Working Group on the state
        level--a group within the ERA Task Force chaired by Democratic State Assemblywoman May W.
        Newburger--can be traced in the records back to 1982. </p>
      <p>In political campaigns, Post served as Press Secretary for Assemblywoman May W. Newburger
        (Democrat--Great Neck); Press Secretary for the Ed Bloch campaigns against incumbent
        Republican Gerald B.H. Solomon from New York's 24th Congressional District; and as Press
        Secretary for Sheila Healy, 6th District Democratic candidate for the Albany County
        Legislature. Post has continued to work with Albany-area candidates, including Sharon Ward
        in her 6th Ward Democratic primary campaign and Nancy Burton's campaigns for City
        Comptroller in 1993 and 1997. Post worked extensively with Helen Desfosses in her 1997 and
        2001 campaigns for City Council President. In 2002, Post helped organize fundraising with
        the Women for McCall-Mehiel group campaigning for Carl McCall during his run for New York
        State Governor.</p>
      <p>In 1986, Post became Media Coordinator for Family Planning Advocates of New York State,
        Inc., which "lobbies on behalf of Planned Parenthood and other family planning groups."
        During her tenure as Media Coordinator for Family Planning Advocates of New York State,
        Inc., Post provided news coverage and press releases on behalf of the lobbying efforts of
        the group, and in 1987, she covered the 10 year anniversary conference celebrated by Family
        Planning Advocates of New York State. Also in 1987, Post became Press Secretary for the New
        York State Coalition Against Domestic Violence, Inc., providing press releases regarding the
        "Speak Out Rally" held in Albany, New York on March 9, 1987.</p>
      <p>Post has also done a great deal of work with several Capital Region organizations promoting
        gay and lesbian rights. She served as co-chair of the Albany-based New York State Lesbian
        and Gay Lobby in 1989 and oversaw its merger in 1990 with FAIRPAC, a New York City based
        organization, to become the Empire State Pride Agenda. In 1994 she became a board member of
        the Capital District Gay and Lesbian Community Council (CDGLCC). She became president of
        CDGLCC (now referred to as the Capital Pride Center) in April 1999, and later served as
        president emeritus beginning in April 2004. Post continues to be active in the LGBT
        community, and currently contributes to a LGBT political blog on the Albany <emph
          render="italic">Times Union</emph> website.</p>

      <note>
        <p> 1. Additional information about Community Services is available at
          http://www.commservices.net/csindex.html/. </p>
      </note>
    </bioghist>

    <scopecontent>
      <head> Scope and Content Information </head>
      <p>The Libby Post Papers primarily hold Post's press releases created for politicians and
        political interest groups. Campaign materials for Ed Bloch's 1984 bid for Congress, document
        Bloch's record on various issues with editorial letters regarding his candidacy, voting
        records, and "Bloch For Congress" newsletters. Materials for Helen Desfosses' campaigns for
        city council president are extensive, covering most aspects of the campaign, including items
        from within the campaign such as planning documents and volunteer lists. The materials for
        Nancy Burton primarily document her actions during time as city comptroller between the 1993
        and 1997 campaigns in news clippings and press releases. Campaign materials for Sheila
        Healy's bid for Albany County 6th District Legislator are limited to a campaign brochure and
        seven press releases publicizing Healy's political record. Materials for Carl McCall are
        limited to announcements and invitation lists for a fund raising breakfast. Sharon Ward's
        campaign materials for 1989 consist of a campaign plan for the 6th District Democratic
        primary.</p>

      <p>Press releases for New York State Assemblywoman May W. Newburger that Post created as press
        secretary, outline Newburger's stand on public issues with quotes, voting records, and
        information on Newburger's activities. Also included are files of press coverage and news
        clippings discussing Newburger, not all of which were the result of Post's press releases.
        Post's role as media coordinator for Family Planning Advocates of New York State, Inc., is
        documented by press releases, press coverage, notes regarding the preparation of a
        conference, and an agenda for the organization's 10th anniversary celebration. Press
        releases for, and press coverage clippings regarding, the New York Coalition on Domestic
        Violence, highlight Post's role in the organization, especially her work with the "Speak Out
        Rally" held on March 9, 1987. Post's lobbyist work for the Equal Rights Amendment (ERA) is
        documented in notes of meetings and administrative materials of the ERA "Working Group",
        which lobbied for passage of the Amendment. The ERA files also include press coverage and
        press releases that trace the progress of ratification during this year. There are no
        records of Post's work for ERA before or after 1984.</p>

      <p>The Subject Files that Libby Post collected on various issues relate to her work and public
        interests and include news clippings and informative literature on homosexuality, child
        abuse, Planned Parenthood (affiliated with Family Planning Advocates of New York State,
        Inc.), gay rights, legislative matters regarding reproduction, and state law. The fifth
        series consists of papers collected during Post's tenure as President of the Capital
        District Gay and Lesbian Community Council, 1999-2003. It includes documents relating to the
        running of the council, such as policy statements and financial paperwork, as well as public
        relations materials like event announcements and press releases. The final series contains
        correspondences, agendas, policies, meeting minutes, and other materials related to the
        Empire State Pride Agenda.</p>
    </scopecontent>

    <arrangement encodinganalog="351$a">
      <head>Arrangement of the Collection</head>
      <p>All series are arranged chronologically. The collection is organized into the following
        series:</p>
      <list type="simple">
        <item><emph render="bold">Series 1 - Political Campaigns, 1984-2002</emph></item>
        <item>Subseries 1: Ed Bloch, 1984</item>
        <item>Subseries 2: Sheila Healy, 1987</item>
        <item>Subseries 3: Nancy Burton, 1989-1997</item>
        <item>Subseries 4: Helen Desfosses, 1997-2001</item>
        <item>Subseries 5: Sharon Ward, 1989</item>
        <item>Subseries 6: Carl McCall, 2002</item>
        <item><emph render="bold">Series 2 - Media Coordinator/Press Secretary,
          1984-1987</emph></item>
        <item><emph render="bold">Series 3 - Lobbyist Work for the Equal Rights Amendment,
           1982, 1984</emph></item>
        <item><emph render="bold">Series 4 - Subject Files, 1978-2003, Undated</emph></item>
        <item><emph render="bold">Series 5 - Capital District Gay and Lesbian Community Council,
            1989-2005, Undated</emph></item>
        <item><emph render="bold">Series 6 - Empire State Pride Agenda, 1987-1992,
          Undated</emph></item>
      </list>

    </arrangement>

    <!-- The controlaccess section contains the various subject headings (access points) for the collection.
           Copy and paste to create more of them, as needed.  Use the Library of Congress Name Authority 
           Files (lcnaf) and subject headings (lcsh), the Art and Architecture Thesaurus (aat), or other 
           standards as applicable.  For each one, include the source attribute (for example, source="lcnaf"). 
           If you need to use terms that aren't in any of the sources, that's fine, just set source="local" . 
           Try to give as many access points as you can to increase the chances of 
           researchers finding your data.  Any that you do not use, or that are not applicable, be sure 
           to comment them out! -->

    <controlaccess>
      <head>Subject and Genre Headings</head>

      <persname encodinganalog="600" source="local">Bloch, Ed</persname>
      <persname encodinganalog="600" source="local">Burton, Nancy</persname>
      <persname encodinganalog="600" source="local">McCall, Carl</persname>
      <persname encodinganalog="600" source="local">Desfosses, Helen</persname>
      <persname encodinganalog="600" source="local">Healy, Sheila</persname>
      <persname encodinganalog="600" source="local">Post, Libby</persname>
      <persname encodinganalog="600" source="local">Ward, Sharon</persname>

      <corpname encodinganalog="610" source="lcsh">Empire State Pride Agenda</corpname>
      <corpname encodinganalog="610" source="local">Capital Pride Center</corpname>


      <subject encodinganalog="650" source="lcsh">Gay rights--New York (State)</subject>
      <subject encodinganalog="650" source="lcsh">Community organization--New York (State)</subject>
      <subject encodinganalog="650" source="lcsh">Sexual minorities--New York (State)</subject>
      <subject encodinganalog="650" source="lcsh">Equal rights amendments--United States</subject>

      <geogname encodinganalog="651" source="lcsh">New York (State)--Politics and
        government</geogname>
      <geogname encodinganalog="651" source="lcsh">New York (State)--Social conditions</geogname>

      <genreform encodinganalog="655" source="aat">Clippings</genreform>
      <genreform encodinganalog="655" source="aat">Correspondence</genreform>
      <genreform encodinganalog="655" source="aat">Posters</genreform>
      <genreform encodinganalog="655" source="aat">Bylaws (administrative records)</genreform>
      <genreform encodinganalog="655" source="aat">Photographs</genreform>
      <genreform encodinganalog="655" source="aat">Calendars</genreform>
      <genreform encodinganalog="655" source="aat">Brochures</genreform>
      <genreform encodinganalog="655" source="aat">Minutes</genreform>
      <genreform encodinganalog="655" source="aat">Newsletters</genreform>


    </controlaccess>


    <prefercite encodinganalog="524">
      <head>Preferred Citation</head>
      <p>Preferred citation for this material is as follows:</p>
      <p>Identification of specific item, box, folder, Libby Post Papers, 1978-2005. M.E. Grenander
        Department of Special Collections and Archives, University Libraries, University at Albany,
        State University of New York (hereafter referred to as the Post Papers).</p>
    </prefercite>

    <!-- <appraisal encodinganalog="583">
         <head>Appraisal Information</head>
         <p>## OPT Give the value of the collection and the date appraised.</p>
      </appraisal>-->

    <!--<accruals encodinganalog="584">
         <head>Accruals</head>
         <p>## OPT If additions to the collection are anticipated, state when, how, how much,
            etc.</p>
      </accruals>-->

    <dsc type="combined">
      <head>Container List</head>
      <!-- Start series 1-->
      <c01 level="series">
        <did>
          <unittitle label="Series I"> Series 1: Political Campaigns</unittitle>
          <physdesc> 1.66 cubic ft. </physdesc>
          <unitdate type="inclusive" era="ce" calendar="gregorian" normal="1984/2002"
            >1984-2002</unitdate>
        </did>

        <arrangement>
          <p> Arranged chronologically. </p>
        </arrangement>

        <scopecontent>
          <p>This series documents Libby Post's involvement with the political campaigns of six
            Democratic candidates: Ed Bloch, Sheila Healy, Nancy Burton, Helen Desfosses, Sharon
            Ward and Carl McCall.</p>
        </scopecontent>

        <c02 level="subseries">
          <did>
            <unittitle label="Series I Subseries 1"> Subseries 1: Ed Bloch</unittitle>
            <unitdate normal="1984" type="inclusive">1984</unitdate>
          </did>
          <arrangement>
            <p>Arranged chronologically.</p>
          </arrangement>

          <scopecontent>
            <p>Ed Bloch's 1984 campaign for Congress includes the press kit with endorsement
              letters, biographical information on the candidate, voting records of his opponent,
              press releases, campaign brochures, a series of "Bloch for NYS State Congress"
              newsletters, and news clippings regarding the election campaign.</p>
          </scopecontent>
          <c03>
            <did>
              <container type="Box">1</container>
              <container type="Folder">1</container>
              <unittitle>New York State Congressional Campaign</unittitle>
              <unitdate type="inclusive" era="ce" calendar="gregorian" normal="1984">1984</unitdate>
            </did>
          </c03>
        </c02>
        <c02 level="subseries">
          <did>
            <unittitle label="Series I Subseries 2"> Subseries 2: Sheila Healy</unittitle>
            <unitdate normal="1987" type="inclusive">1987</unitdate>
          </did>
          <arrangement>
            <p>Arranged chronologically.</p>
          </arrangement>

          <scopecontent>
            <p>Sheila Healy's 1987 campaign for Albany County Legislator for the 6th district
              includes one campaign brochure and seven 1-page newsletters on constituent services
              and campaign issues.</p>
          </scopecontent>
          <c03>
            <did>
              <container type="Box">1</container>
              <container type="Folder">2</container>
              <unittitle>6th District Democrat Candidate-Albany County Legislature</unittitle>
              <unitdate type="inclusive" era="ce" calendar="gregorian" normal="1987">1987</unitdate>
            </did>
          </c03>
        </c02>
        <c02 level="subseries">
          <did>
            <unittitle label="Series I Subseries 3"> Subseries 3: Nancy Burton</unittitle>
            <unitdate normal="1989/1997" type="inclusive">1989-1997</unitdate>
          </did>
          <arrangement>
            <p>Arranged chronologically.</p>
          </arrangement>

          <scopecontent>
            <p>Nancy Burton's 1993 and 1997 campaign for City Comptroller includes campaign plans as
              well as press releases and news clippings from Nancy Burton during her 1993-1997 term
              as Comptroller. Electronic copies of the 2001 campaign website are available upon
              request.</p>
          </scopecontent>
          <c03>
            <did>
              <container type="Box">1</container>
              <container type="Folder">3-4</container>
              <unittitle>City Comptroller</unittitle>
              <unitdate type="inclusive" era="ce" calendar="gregorian" normal="1989/1997"
                >1989-1997</unitdate>
            </did>
          </c03>
        </c02>
        <c02 level="subseries">
          <did>
            <unittitle label="Series I Subseries 4"> Subseries 4: Helen Desfosses</unittitle>
            <unitdate normal="1997/2001" type="inclusive">1997-2001</unitdate>
          </did>
          <arrangement>
            <p>Arranged chronologically.</p>
          </arrangement>

          <scopecontent>
            <p>Helen Desfosses' 1997 and 2001 City Council President campaigns include campaign
              plans, news clippings relating to the campaign, donor and volunteer lists, press
              releases, endorsement letters, petitions, and photographic contact sheets.</p>
          </scopecontent>
          <c03>
            <did>
              <container type="Box">1</container>
              <container type="Folder">5</container>
              <unittitle>City Council President Campaign, Volunteer and Donor Lists</unittitle>
              <unitdate type="inclusive" era="ce" calendar="gregorian" normal="1993/1997"
                >1993-1997</unitdate>
            </did>
          </c03>
          <c03>
            <did>
              <container type="Box">1</container>
              <container type="Folder">6</container>
              <unittitle>City Council President Campaign, Statement of Financial
                Disclosure</unittitle>
              <unitdate type="inclusive" era="ce" calendar="gregorian" normal="1995">1995</unitdate>
              <unitdate type="inclusive" era="ce" calendar="gregorian" normal="1997">1997</unitdate>
            </did>
          </c03>
          <c03>
            <did>
              <container type="Box">1</container>
              <container type="Folder">7</container>
              <unittitle>City Council President Campaign, Endorsements</unittitle>
              <unitdate type="inclusive" era="ce" calendar="gregorian" normal="1997">1997</unitdate>
            </did>
          </c03>
          <c03>
            <did>
              <container type="Box">1</container>
              <container type="Folder">8</container>
              <unittitle>City Council President Campaign, Fundraising</unittitle>
              <unitdate type="inclusive" era="ce" calendar="gregorian" normal="1997">1997</unitdate>
            </did>
          </c03>
          <c03>
            <did>
              <container type="Box">1</container>
              <container type="Folder">9-10</container>
              <unittitle>City Council President Campaign, Fundraising Flyers</unittitle>
              <unitdate type="inclusive" era="ce" calendar="gregorian" normal="1997">1997</unitdate>
            </did>
          </c03>
          <c03>
            <did>
              <container type="Box">2</container>
              <container type="Folder">1</container>
              <unittitle>City Council President Campaign, Fundraising Response</unittitle>
              <unitdate type="inclusive" era="ce" calendar="gregorian" normal="1997">1997</unitdate>
            </did>
          </c03>
          <c03>
            <did>
              <container type="Box">2</container>
              <container type="Folder">2</container>
              <unittitle>City Council President Campaign, Meetings and Campaign Plans</unittitle>
              <unitdate type="inclusive" era="ce" calendar="gregorian" normal="1997">1997</unitdate>
            </did>
          </c03>
          <c03>
            <did>
              <container type="Box">2</container>
              <container type="Folder">3</container>
              <unittitle>City Council President Campaign, Memos and Press Releases</unittitle>
              <unitdate type="inclusive" era="ce" calendar="gregorian" normal="1997">1997</unitdate>
            </did>
          </c03>
          <c03>
            <did>
              <container type="Box">2</container>
              <container type="Folder">4</container>
              <unittitle>City Council President Campaign, News Clippings</unittitle>
              <unitdate type="inclusive" era="ce" calendar="gregorian" normal="1997">1997</unitdate>
            </did>
          </c03>
          <c03>
            <did>
              <container type="Box">2</container>
              <container type="Folder">5</container>
              <unittitle>City Council President Campaign, Petitions</unittitle>
              <unitdate type="inclusive" era="ce" calendar="gregorian" normal="1997">1997</unitdate>
            </did>
          </c03>
          <c03>
            <did>
              <container type="Box">2</container>
              <container type="Folder">6</container>
              <unittitle>City Council President Campaign, Planning</unittitle>
              <unitdate type="inclusive" era="ce" calendar="gregorian" normal="1997">1997</unitdate>
            </did>
          </c03>
          <c03>
            <did>
              <container type="Box">2</container>
              <container type="Folder">7</container>
              <unittitle>City Council President Campaign, Theme and Message Literature</unittitle>
              <unitdate type="inclusive" era="ce" calendar="gregorian" normal="1997">1997</unitdate>
            </did>
          </c03>
          <c03>
            <did>
              <container type="Box">2</container>
              <container type="Folder">8</container>
              <unittitle>City Council President Campaign, Contact Shoots</unittitle>
              <unitdate type="inclusive" era="ce" calendar="gregorian" normal="1992/2002">ca.
                1997</unitdate>
            </did>
          </c03>
          <c03>
            <did>
              <container type="Box">2</container>
              <container type="Folder">9-11</container>
              <unittitle>City Council President Campaign</unittitle>
              <unitdate type="inclusive" era="ce" calendar="gregorian" normal="2001">2001</unitdate>
            </did>
          </c03>
          <c03>
            <did>
              <container type="Oversized">1</container>
              <container type="Folder">1</container>
              <unittitle>Campaign Sign</unittitle>
              <unitdate type="inclusive" era="ce" calendar="gregorian" normal="1996/2006">ca. 2001</unitdate>
            </did>
          </c03>
        </c02>
        <c02 level="subseries">
          <did>
            <unittitle label="Series I Subseries 5"> Subseries 5: Sharon Ward</unittitle>
            <unitdate normal="1989" type="inclusive">1989</unitdate>
          </did>
          <arrangement>
            <p>Arranged chronologically.</p>
          </arrangement>

          <scopecontent>
            <p>Sharon Ward's 1989 6th Ward City Council campaign contains the campaign plan for the
              Democratic primary.</p>
          </scopecontent>
          <c03>
            <did>
              <container type="Box">2</container>
              <container type="Folder">12</container>
              <unittitle>6th Ward Democratic Primary</unittitle>
              <unitdate type="inclusive" era="ce" calendar="gregorian" normal="1989-06">June
                1989</unitdate>
            </did>
          </c03>
        </c02>
        <c02 level="subseries">
          <did>
            <unittitle label="Series I Subseries 6"> Subseries 6: Carl McCall</unittitle>
            <unitdate normal="2002" type="inclusive">2002</unitdate>
          </did>
          <arrangement>
            <p>Arranged chronologically.</p>
          </arrangement>

          <scopecontent>
            <p>Carl McCall's 2002 campaign for New York Governor includes the announcements and
              invitation lists for a breakfast fundraiser with the Women for McCall-Mehiel
              organization.</p>
          </scopecontent>
          <c03>
            <did>
              <container type="Box">2</container>
              <container type="Folder">13</container>
              <unittitle>New York Governor Campaign, Women for McCall-Mehiel</unittitle>
              <unitdate type="inclusive" era="ce" calendar="gregorian" normal="2002-09">September
                2002</unitdate>
            </did>
          </c03>
        </c02>
      </c01>
      <c01 level="series">
        <did>
          <unittitle label="Series II"> Series 2: Media Coordinator/Press Secretary</unittitle>
          <physdesc> 0.17 cubic ft. </physdesc>
          <unitdate type="inclusive" era="ce" calendar="gregorian" normal="1984/1987"
            >1984-1987</unitdate>
        </did>

        <arrangement>
          <p> Arranged chronologically. </p>
        </arrangement>

        <scopecontent>
          <p>This series contains material relating to Libby Post's two positions as Press
            Secretary; for New York State Assemblywoman May W. Newburger and Family Planning
            Advocates of New York State, Inc. The folders on Newburger include 1984-1985 news
            clippings and 1985 press releases and related coverage. The folders on Family Planning
            Advocates of New York State, Inc. contain press releases prepared by Post, notes on
            preparing for a press conference, documentary material regarding a 10th anniversary
            celebration, and news clippings regarding the New York State Coalition on Domestic
            Violence "Speak Out Rally" in 1987.</p>
        </scopecontent>
        <c02>
          <did>
            <container type="Box">1</container>
            <container type="Folder">1</container>
            <unittitle>May Newburger - New York State Assembly Woman Press Coverage</unittitle>
            <unitdate type="inclusive" era="ce" calendar="gregorian" normal="1984">1984</unitdate>
          </did>
        </c02>
        <c02>
          <did>
            <container type="Box">1</container>
            <container type="Folder">2</container>
            <unittitle>Family Planning Advocates of New York State - Press Conference</unittitle>
            <unitdate type="inclusive" era="ce" calendar="gregorian" normal="1985-11-14">November
              14, 1985</unitdate>
          </did>
        </c02>
        <c02>
          <did>
            <container type="Box">1</container>
            <container type="Folder">3-4</container>
            <unittitle>May Newburger - New York State Assembly Woman Press Coverage</unittitle>
            <unitdate type="inclusive" era="ce" calendar="gregorian" normal="1985">1985</unitdate>
          </did>
        </c02>
        <c02>
          <did>
            <container type="Box">1</container>
            <container type="Folder">5</container>
            <unittitle>Family Planning Advocates of New York State - Press Releases</unittitle>
            <unitdate type="inclusive" era="ce" calendar="gregorian" normal="1985/1986"
              >1985-1986</unitdate>
          </did>
        </c02>
        <c02>
          <did>
            <container type="Box">2</container>
            <container type="Folder">1</container>
            <unittitle>New York Coalition Against Domestic Violence - "Speak Out Rally" - Albany,
              NY</unittitle>
            <unitdate type="inclusive" era="ce" calendar="gregorian" normal="1987-03-09">March 9,
              1987</unitdate>
          </did>
        </c02>
        <c02>
          <did>
            <container type="Box">2</container>
            <container type="Folder">2</container>
            <unittitle>New York Coalition Against Domestic Violence - Press Coverage</unittitle>
            <unitdate type="inclusive" era="ce" calendar="gregorian" normal="1987-03-09/1987-03-10"
              >March 9-10, 1987</unitdate>
          </did>
        </c02>
        <c02>
          <did>
            <container type="Box">2</container>
            <container type="Folder">3</container>
            <unittitle>Family Planning Advocates of New York State 10th Anniversary
              Conference</unittitle>
            <unitdate type="inclusive" era="ce" calendar="gregorian" normal="1987">1987</unitdate>
          </did>
        </c02>
        <c02>
          <did>
            <container type="Box">2</container>
            <container type="Folder">4</container>
            <unittitle>Family Planning Advocates of New York State - Press Releases</unittitle>
            <unitdate type="inclusive" era="ce" calendar="gregorian" normal="1987">1987</unitdate>
            <unitdate type="inclusive" era="ce" calendar="gregorian" normal="1978/2005"
              >Undated</unitdate>
          </did>
        </c02>
      </c01>
      <c01 level="series">
        <did>
          <unittitle label="Series III"> Series 3: Lobbyist Work for the Equal Rights
            Amendment</unittitle>
          <physdesc> 0.17 cubic ft. </physdesc>
          <unitdate type="inclusive" era="ce" calendar="gregorian" normal="1982">1982</unitdate>
          <unitdate type="inclusive" era="ce" calendar="gregorian" normal="1984">1984</unitdate>
        </did>
        <arrangement>
          <p> Arranged chronologically. </p>
        </arrangement>
        <scopecontent>
          <p>This series documents Libby Post's lobbyist work for the Equal Rights Amendment, and
            includes Post's handwritten notes from meetings of the ERA "Working Group", memos from
            May Newburger (as chairperson), studies and reports on the ERA, and statistics on
            support of groups and organizations. It also includes editorials on the ERA, news
            clippings of the NYS Assembly debate on, and the Senate rejection of, the ERA, notes
            from an ERA press conference, and the records of the press conference with then
            Democratic Governor Mario Cuomo regarding ERA.</p>
        </scopecontent>
        <c02>
          <did>
            <container type="Box">1</container>
            <container type="Folder">1</container>
            <unittitle>Women's Action Alliance - NYC Area Mailing List</unittitle>
            <unitdate type="inclusive" era="ce" calendar="gregorian" normal="1982">1982</unitdate>
          </did>
        </c02>
        <c02>
          <did>
            <container type="Box">1</container>
            <container type="Folder">2</container>
            <unittitle>Assembly Debate</unittitle>
            <unitdate type="inclusive" era="ce" calendar="gregorian" normal="1984-05-21">May 21,
              1984</unitdate>
          </did>
        </c02>
        <c02>
          <did>
            <container type="Box">1</container>
            <container type="Folder">3</container>
            <unittitle>Press Conference</unittitle>
            <unitdate type="inclusive" era="ce" calendar="gregorian" normal="1984-06-12">June 12,
              1984</unitdate>
          </did>
        </c02>
        <c02>
          <did>
            <container type="Box">1</container>
            <container type="Folder">4</container>
            <unittitle>Senate Rejection-Press</unittitle>
            <unitdate type="inclusive" era="ce" calendar="gregorian" normal="1984-06-12">June 12,
              1984</unitdate>
          </did>
        </c02>
        <c02>
          <did>
            <container type="Box">1</container>
            <container type="Folder">5</container>
            <unittitle>Madeline Rochen's Op-Ed Piece</unittitle>
            <unitdate type="inclusive" era="ce" calendar="gregorian" normal="1984-06-14">June 14,
              1984</unitdate>
          </did>
        </c02>
        <c02>
          <did>
            <container type="Box">1</container>
            <container type="Folder">6</container>
            <unittitle>News Clippings - "Momentum Articles"</unittitle>
            <unitdate type="inclusive" era="ce" calendar="gregorian" normal="1984-06-19">June 19,
              1984</unitdate>
          </did>
        </c02>
        <c02>
          <did>
            <container type="Box">1</container>
            <container type="Folder">7</container>
            <unittitle>Press Conference with Gov. Mario Cuomo</unittitle>
            <unitdate type="inclusive" era="ce" calendar="gregorian" normal="1984-06-20">June 20,
              1984</unitdate>
          </did>
        </c02>
        <c02>
          <did>
            <container type="Box">1</container>
            <container type="Folder">8</container>
            <unittitle>Commentary Clips by Reporters</unittitle>
            <unitdate type="inclusive" era="ce" calendar="gregorian" normal="1984">1984</unitdate>
          </did>
        </c02>
        <c02>
          <did>
            <container type="Box">1</container>
            <container type="Folder">9</container>
            <unittitle>Editorials</unittitle>
            <unitdate type="inclusive" era="ce" calendar="gregorian" normal="1984">1984</unitdate>
          </did>
        </c02>
        <c02>
          <did>
            <container type="Box">1</container>
            <container type="Folder">10</container>
            <unittitle>Press/Last Week of 1984 Session</unittitle>
            <unitdate type="inclusive" era="ce" calendar="gregorian" normal="1984">1984</unitdate>
          </did>
        </c02>
        <c02>
          <did>
            <container type="Box">1</container>
            <container type="Folder">11</container>
            <unittitle>Working Group</unittitle>
            <unitdate type="inclusive" era="ce" calendar="gregorian" normal="1984">1984</unitdate>
          </did>
        </c02>
      </c01>

      <c01 level="series">
        <did>
          <unittitle label="Series IV"> Series 4: Subject Files</unittitle>
          <physdesc> 1.58 cubic ft. </physdesc>
          <unitdate type="inclusive" era="ce" calendar="gregorian" normal="1978/2003">1978-2003</unitdate>
          <unitdate type="inclusive" era="ce" calendar="gregorian" normal="1978/2005"
            >Undated</unitdate>
        </did>
        <arrangement>
          <p> Arranged chronologically. </p>
        </arrangement>
        <scopecontent>
          <p>This series predominantly contains newspapers and news clippings on subjects including
            homosexuality, child abuse, Planned Parenthood, gay rights, reproduction issues survey,
            and state law.</p>
        </scopecontent>
        <c02>
          <did>
            <container type="Oversized">2</container>
            <unittitle><emph render="italic">Buffalonian</emph>, Libby Post,
              Editor-in-Chief</unittitle>
            <unitdate type="inclusive" era="ce" calendar="gregorian" normal="1978">1978</unitdate>
          </did>
        </c02>
        <c02>
          <did>
            <container type="Box">1</container>
            <container type="Folder">1</container>
            <unittitle>Child Abuse</unittitle>
            <unitdate type="inclusive" era="ce" calendar="gregorian" normal="1985">1985</unitdate>
          </did>
        </c02>
        <c02>
          <did>
            <container type="Box">1</container>
            <container type="Folder">2</container>
            <unittitle>Planned Parenthood NY State Survey on Reproduction</unittitle>
            <unitdate type="inclusive" era="ce" calendar="gregorian" normal="1985">1985</unitdate>
          </did>
        </c02>
        <c02>
          <did>
            <container type="Box">1</container>
            <container type="Folder">3</container>
            <unittitle>News Clippings on Reproductive Issues, Organizations, Surveys,
              Legislation</unittitle>
            <unitdate type="inclusive" era="ce" calendar="gregorian" normal="1985/1986"
              >1985-1986</unitdate>
          </did>
        </c02>
        <c02>
          <did>
            <container type="Box">1</container>
            <container type="Folder">4</container>
            <unittitle>Fund for Human Dignity, The First National Lesbian and Gay Education Conference</unittitle>
            <unitdate type="inclusive" era="ce" calendar="gregorian" normal="1988">1988</unitdate>
          </did>
        </c02>
        <c02>
          <did>
            <container type="Box">1</container>
            <container type="Folder">5</container>
            <unittitle>Newspaper: <emph render="italic">Hardcopy: For the Common
              Good</emph></unittitle>
            <unitdate type="inclusive" era="ce" calendar="gregorian" normal="1989-03">March
              1989</unitdate>
          </did>
        </c02>
        <c02>
          <did>
            <container type="Box">1</container>
            <container type="Folder">6</container>
            <unittitle>News Clippings: Homosexuality and Women's Issues</unittitle>
            <unitdate type="inclusive" era="ce" calendar="gregorian" normal="1989">1989</unitdate>
          </did>
        </c02>
        <c02>
          <did>
            <container type="Oversized">1</container>
            <container type="Folder">2</container>
            <unittitle><emph render="italic">San Francisco Sentinel</emph> 20th Anniversary Look at
              Stonewall</unittitle>
            <unitdate type="inclusive" era="ce" calendar="gregorian" normal="1989">1989</unitdate>
          </did>
        </c02>
        <c02>
          <did>
            <container type="Box">1</container>
            <container type="Folder">7</container>
            <unittitle>Niagara County Notes</unittitle>
            <unitdate type="inclusive" era="ce" calendar="gregorian" normal="1989">1989</unitdate>
            <unitdate type="inclusive" era="ce" calendar="gregorian" normal="1978/2005"
              >Undated</unitdate>
          </did>
        </c02>
        <c02>
          <did>
            <container type="Box">1</container>
            <container type="Folder">8</container>
            <unittitle><emph render="italic">Sappho's Isle</emph> Column</unittitle>
            <unitdate type="inclusive" era="ce" calendar="gregorian" normal="1989/1992"
              >1989-1992</unitdate>
            <unitdate type="inclusive" era="ce" calendar="gregorian" normal="1978/2005"
              >Undated</unitdate>
          </did>
        </c02>
        <c02>
          <did>
            <container type="Box">1</container>
            <container type="Folder">9</container>
            <unittitle>Lesbians and Gays for Cuomo</unittitle>
            <unitdate type="inclusive" era="ce" calendar="gregorian" normal="1990">1990</unitdate>
            <unitdate type="inclusive" era="ce" calendar="gregorian" normal="1978/2005"
              >Undated</unitdate>
          </did>
        </c02>
        <c02>
          <did>
            <container type="Box">1</container>
            <container type="Folder">10</container>
            <unittitle>Civil Rights</unittitle>
            <unitdate type="inclusive" era="ce" calendar="gregorian" normal="1990/1991"
              >1990-1991</unitdate>
            <unitdate type="inclusive" era="ce" calendar="gregorian" normal="1978/2005"
              >Undated</unitdate>
          </did>
        </c02>
        <c02>
          <did>
            <container type="Oversized">2</container>
            <unittitle><emph render="italic">Sappho's Isle</emph> with Column by Libby
              Post</unittitle>
            <unitdate type="inclusive" era="ce" calendar="gregorian" normal="1990/1992"
              >1990-1992</unitdate>
          </did>
        </c02>
        <c02>
          <did>
            <container type="Box">1</container>
            <container type="Folder">11</container>
            <unittitle>Lesbian/Gay Perspective Piece</unittitle>
            <unitdate type="inclusive" era="ce" calendar="gregorian" normal="1991">1991</unitdate>
          </did>
        </c02>
        <c02>
          <did>
            <container type="Oversized">1</container>
            <container type="Folder">3</container>
            <unittitle><emph render="italic">Metroland</emph> Profile of Jim Perry</unittitle>
            <unitdate type="inclusive" era="ce" calendar="gregorian" normal="1991">1991</unitdate>
          </did>
        </c02>
        <c02>
          <did>
            <container type="Box">1</container>
            <container type="Folder">12</container>
            <unittitle>Troy: Sandvidge/PBA Flap</unittitle>
            <unitdate type="inclusive" era="ce" calendar="gregorian" normal="1991">1991</unitdate>
          </did>
        </c02>
        <c02>
          <did>
            <container type="Box">1</container>
            <container type="Folder">13</container>
            <unittitle>Calendar Supplies</unittitle>
            <unitdate type="inclusive" era="ce" calendar="gregorian" normal="1991/1993"
              >1991-1993</unitdate>
            <unitdate type="inclusive" era="ce" calendar="gregorian" normal="1978/2005"
              >Undated</unitdate>
          </did>
        </c02>
        <c02>
          <did>
            <container type="Box">1</container>
            <container type="Folder">14</container>
            <unittitle>Newspaper: <emph render="italic">Craft Fair</emph></unittitle>
            <unitdate type="inclusive" era="ce" calendar="gregorian" normal="1992-05-31/1992-06-12"
              >May 31, 1992-June 12, 1992</unitdate>
          </did>
        </c02>
        <c02>
          <did>
            <container type="Box">1</container>
            <container type="Folder">15</container>
            <unittitle>"The Bridge" Newsletter</unittitle>
            <unitdate type="inclusive" era="ce" calendar="gregorian" normal="1992">1992</unitdate>
          </did>
        </c02>
        <c02>
          <did>
            <container type="Box">1</container>
            <container type="Folder">16</container>
            <unittitle>"Storage Bedfellows" Article, Empire State Report</unittitle>
            <unitdate type="inclusive" era="ce" calendar="gregorian" normal="1992">1992</unitdate>
          </did>
        </c02>
        <c02>
          <did>
            <container type="Box">1</container>
            <container type="Folder">17</container>
            <unittitle>"Colorado Faces Rights Battle" and Letters to the Editor</unittitle>
            <unitdate type="inclusive" era="ce" calendar="gregorian" normal="1992">1992</unitdate>
            <unitdate type="inclusive" era="ce" calendar="gregorian" normal="1978/2005"
              >Undated</unitdate>
          </did>
        </c02>
        <c02>
          <did>
            <container type="Box">1</container>
            <container type="Folder">18</container>
            <unittitle>Shenedehowa High School Student Discrimination</unittitle>
            <unitdate type="inclusive" era="ce" calendar="gregorian" normal="1999">1999</unitdate>
          </did>
        </c02>
        <c02>
          <did>
            <container type="Box">1</container>
            <container type="Folder">19</container>
            <unittitle>Healthy Capital District Initiative</unittitle>
            <unitdate type="inclusive" era="ce" calendar="gregorian" normal="1999">1999</unitdate>
            <unitdate type="inclusive" era="ce" calendar="gregorian" normal="1978/2005"
              >Undated</unitdate>
          </did>
        </c02>
        <c02>
          <did>
            <container type="Box">1</container>
            <container type="Folder">20</container>
            <unittitle>Promotions</unittitle>
            <unitdate type="inclusive" era="ce" calendar="gregorian" normal="1999">1999</unitdate>
            <unitdate type="inclusive" era="ce" calendar="gregorian" normal="1978/2005"
              >Undated</unitdate>
          </did>
        </c02>
        <c02>
          <did>
            <container type="Box">1</container>
            <container type="Folder">21</container>
            <unittitle>Roland Hollins Case</unittitle>
            <unitdate type="inclusive" era="ce" calendar="gregorian" normal="2000/2001"
              >2000-2001</unitdate>
          </did>
        </c02>
        <c02>
          <did>
            <container type="Box">1</container>
            <container type="Folder">22</container>
            <unittitle>Statement of Client Rights</unittitle>
            <unitdate type="inclusive" era="ce" calendar="gregorian" normal="2002">2002</unitdate>
          </did>
        </c02>
        <c02>
          <did>
            <container type="Box">1</container>
            <container type="Folder">23</container>
            <unittitle><emph render="italic">Times Union</emph> Daily News Budget</unittitle>
            <unitdate type="inclusive" era="ce" calendar="gregorian" normal="2002">2002</unitdate>
          </did>
        </c02>
        <c02>
          <did>
            <container type="Box">2</container>
            <container type="Folder">1-2</container>
            <unittitle>Capital Leadership</unittitle>
            <unitdate type="inclusive" era="ce" calendar="gregorian" normal="2002/2003"
              >2002-2003</unitdate>
            <unitdate type="inclusive" era="ce" calendar="gregorian" normal="1978/2005"
              >Undated</unitdate>
          </did>
        </c02>
        <c02>
          <did>
            <container type="Box">2</container>
            <container type="Folder">3</container>
            <unittitle>"Badge of Courage" Newsletter</unittitle>
            <unitdate type="inclusive" era="ce" calendar="gregorian" normal="2003">2003</unitdate>
          </did>
        </c02>
        <c02>
          <did>
            <container type="Box">2</container>
            <container type="Folder">4</container>
            <unittitle>"Build a Better Board" Participant Workbook</unittitle>
            <unitdate type="inclusive" era="ce" calendar="gregorian" normal="2003">2003</unitdate>
          </did>
        </c02>
        <c02>
          <did>
            <container type="Oversized">1</container>
            <container type="Folder">4</container>
            <unittitle><emph render="italic">Boom</emph> Profile of Libby Post</unittitle>
            <unitdate type="inclusive" era="ce" calendar="gregorian" normal="2004">2004</unitdate>
          </did>
        </c02>
        <c02>
          <did>
            <container type="Box">2</container>
            <container type="Folder">5</container>
            <unittitle>Development Plan</unittitle>
            <unitdate type="inclusive" era="ce" calendar="gregorian" normal="1978/2005"
              >Undated</unitdate>
          </did>
        </c02>
        <c02>
          <did>
            <container type="Box">2</container>
            <container type="Folder">6</container>
            <unittitle><emph render="italic">Family Celebrations</emph> Wedding Catalog</unittitle>
            <unitdate type="inclusive" era="ce" calendar="gregorian" normal="1978/2005"
              >Undated</unitdate>
          </did>
        </c02>
        <c02>
          <did>
            <container type="Box">2</container>
            <container type="Folder">7</container>
            <unittitle>"Inside Out" Pamphlet</unittitle>
            <unitdate type="inclusive" era="ce" calendar="gregorian" normal="1978/2005"
              >Undated</unitdate>
          </did>
        </c02>
        <c02>
          <did>
            <container type="Box">2</container>
            <container type="Folder">8</container>
            <unittitle>New York State Lesbian and Gay Lobby Brochures</unittitle>
            <unitdate type="inclusive" era="ce" calendar="gregorian" normal="1978/2005"
              >Undated</unitdate>
          </did>
        </c02>
        <c02>
          <did>
            <container type="Box">2</container>
            <container type="Folder">9</container>
            <unittitle>Samples From Kendra Fantiff</unittitle>
            <unitdate type="inclusive" era="ce" calendar="gregorian" normal="1978/2005"
              >Undated</unitdate>
          </did>
        </c02>
      </c01>
      <c01 level="series">
        <did>
          <unittitle label="Series V"> Series 5: Capital District Gay and Lesbian Community
            Council</unittitle>
          <physdesc> 0.99 cubic ft. </physdesc>
          <unitdate type="inclusive" era="ce" calendar="gregorian" normal="1989/2005">1989-2005</unitdate>
          <unitdate type="inclusive" era="ce" calendar="gregorian" normal="1978/2005"
            >Undated</unitdate>
        </did>

        <arrangement>
          <p> Arranged chronologically. </p>
        </arrangement>

        <scopecontent>
          <p>This series contains documents produced during Libby Post's term as President of the
            Capital District Gay and Lesbian Community Council (CDGLCC) from April 1999-April 2004.
            It includes financial statements, internal correspondence, statements of official policy
            and procedure, publications, announcements and information about events such as Capital
            Pride and Empire State Pride Agenda Lobby Day. The agendas, minutes and reports
            presented from both CDGLCC board and committee meetings are found together in the
            Meetings, Agenda and Reports April, 2001-April 2003 folder. Much of the material from
            2000 and earlier was organized into a three-ring binder and has been retained in its
            original order and categories.</p>
        </scopecontent>
        <c02>
          <did>
            <container type="Box">1</container>
            <container type="Folder">1</container>
            <unittitle>Awards</unittitle>
            <unitdate type="inclusive" era="ce" calendar="gregorian" normal="1988">1988</unitdate>
          </did>
        </c02>
        <c02>
          <did>
            <container type="Box">1</container>
            <container type="Folder">2</container>
            <unittitle>Lobby Day, Organizing Workshop</unittitle>
            <unitdate type="inclusive" era="ce" calendar="gregorian" normal="1989">1989</unitdate>
          </did>
        </c02>
        <c02>
          <did>
            <container type="Box">1</container>
            <container type="Folder">3</container>
            <unittitle>Stonewall Coalition</unittitle>
            <unitdate type="inclusive" era="ce" calendar="gregorian" normal="1989">1989</unitdate>
          </did>
        </c02>
        <c02>
          <did>
            <container type="Box">1</container>
            <container type="Folder">4</container>
            <unittitle>Binder, Grants</unittitle>
            <unitdate type="inclusive" era="ce" calendar="gregorian" normal="1993/1999"
              >1993-1999</unitdate>
          </did>
        </c02>
        <c02>
          <did>
            <container type="Box">1</container>
            <container type="Folder">5-7</container>
            <unittitle>Financial Documents</unittitle>
            <unitdate type="inclusive" era="ce" calendar="gregorian" normal="1994/1996"
              >1994-1996</unitdate>
            <unitdate type="inclusive" era="ce" calendar="gregorian" normal="1999/2000"
              >1999-2000</unitdate>
            <unitdate type="inclusive" era="ce" calendar="gregorian" normal="2002/2003"
              >2002-2003</unitdate>
            <unitdate type="inclusive" era="ce" calendar="gregorian" normal="1978/2005"
              >Undated</unitdate>
          </did>
        </c02>
        <c02>
          <did>
            <container type="Box">1</container>
            <container type="Folder">8</container>
            <unittitle>Binder, Rainbow Society</unittitle>
            <unitdate type="inclusive" era="ce" calendar="gregorian" normal="1995/1999"
              >1995-1999</unitdate>
          </did>
        </c02>
        <c02>
          <did>
            <container type="Box">1</container>
            <container type="Folder">9</container>
            <unittitle>By-Laws, Policies, and Reports</unittitle>
            <unitdate type="inclusive" era="ce" calendar="gregorian" normal="1996/1999"
              >1996-1999</unitdate>
            <unitdate type="inclusive" era="ce" calendar="gregorian" normal="2001/2003"
              >2001-2003</unitdate>
            <unitdate type="inclusive" era="ce" calendar="gregorian" normal="1978/2005"
              >Undated</unitdate>
          </did>
        </c02>
        <c02>
          <did>
            <container type="Box">1</container>
            <container type="Folder">10-11</container>
            <unittitle>Capital Pride (1-2 of 3)</unittitle>
            <unitdate type="inclusive" era="ce" calendar="gregorian" normal="1998/1999"
              >1998-1999</unitdate>
            <unitdate type="inclusive" era="ce" calendar="gregorian" normal="2001/2003"
              >2001-2003</unitdate>
            <unitdate type="inclusive" era="ce" calendar="gregorian" normal="2005">2005</unitdate>
          </did>
        </c02>
        <c02>
          <did>
            <container type="Box">2</container>
            <container type="Folder">1</container>
            <unittitle>Capital Pride (3 of 3)</unittitle>
            <unitdate type="inclusive" era="ce" calendar="gregorian" normal="1998/1999"
              >1998-1999</unitdate>
            <unitdate type="inclusive" era="ce" calendar="gregorian" normal="2001/2003"
              >2001-2003</unitdate>
            <unitdate type="inclusive" era="ce" calendar="gregorian" normal="2005">2005</unitdate>
          </did>
        </c02>
        <c02>
          <did>
            <container type="Box">2</container>
            <container type="Folder">2-3</container>
            <unittitle>Correspondences and Memorandums</unittitle>
            <unitdate type="inclusive" era="ce" calendar="gregorian" normal="1998/2003"
              >1998-2003</unitdate>
            <unitdate type="inclusive" era="ce" calendar="gregorian" normal="2005">2005</unitdate>
            <unitdate type="inclusive" era="ce" calendar="gregorian" normal="1978/2005"
              >Undated</unitdate>
          </did>
        </c02>
        <c02>
          <did>
            <container type="Box">2</container>
            <container type="Folder">4</container>
            <unittitle>Binder, Legislation Reception</unittitle>
            <unitdate type="inclusive" era="ce" calendar="gregorian" normal="1999-05-18">May 18,
              1999</unitdate>
          </did>
        </c02>
        <c02>
          <did>
            <container type="Oversized">1</container>
            <container type="Folder">5</container>
            <unittitle><emph render="italic">commUNITY</emph></unittitle>
            <unitdate type="inclusive" era="ce" calendar="gregorian" normal="1999-05/1999-08"
              >May-August 1999</unitdate>
            <unitdate type="inclusive" era="ce" calendar="gregorian" normal="2001-12/2002-12"
              >December 2001-January 2002</unitdate>
          </did>
        </c02>
        <c02>
          <did>
            <container type="Box">2</container>
            <container type="Folder">5</container>
            <unittitle>Board Orientation Session</unittitle>
            <unitdate type="inclusive" era="ce" calendar="gregorian" normal="1999">1999</unitdate>
          </did>
        </c02>
        <c02>
          <did>
            <container type="Box">2</container>
            <container type="Folder">6</container>
            <unittitle>Direct Mail</unittitle>
            <unitdate type="inclusive" era="ce" calendar="gregorian" normal="1999">1999</unitdate>
          </did>
        </c02>
        <c02>
          <did>
            <container type="Box">2</container>
            <container type="Folder">7</container>
            <unittitle>CDGLCC Board of Directors Manual</unittitle>
            <unitdate type="inclusive" era="ce" calendar="gregorian" normal="1999">1999</unitdate>
            <unitdate type="inclusive" era="ce" calendar="gregorian" normal="1978/2005"
              >Undated</unitdate>
          </did>
        </c02>
        <c02>
          <did>
            <container type="Box">2</container>
            <container type="Folder">8</container>
            <unittitle>CDGLCC Partners</unittitle>
            <unitdate type="inclusive" era="ce" calendar="gregorian" normal="1999">1999</unitdate>
            <unitdate type="inclusive" era="ce" calendar="gregorian" normal="1978/2005"
              >Undated</unitdate>
          </did>
        </c02>
        <c02>
          <did>
            <container type="Box">2</container>
            <container type="Folder">9</container>
            <unittitle>Binder, Grants</unittitle>
            <unitdate type="inclusive" era="ce" calendar="gregorian" normal="1999/2000"
              >1999-2000</unitdate>
          </did>
        </c02>
        <c02>
          <did>
            <container type="Box">2</container>
            <container type="Folder">10</container>
            <unittitle>Binder, United Airlines and SEFA and Linkages</unittitle>
            <unitdate type="inclusive" era="ce" calendar="gregorian" normal="1999/2000"
              >1999-2000</unitdate>
          </did>
        </c02>
        <c02>
          <did>
            <container type="Box">2</container>
            <container type="Folder">11</container>
            <unittitle><emph render="italic">CommUnity</emph> News Journal</unittitle>
            <unitdate type="inclusive" era="ce" calendar="gregorian" normal="1999/2000"
              >1999-2000</unitdate>
          </did>
        </c02>
        <c02>
          <did>
            <container type="Box">2</container>
            <container type="Folder">12</container>
            <unittitle>GLSEN Documents</unittitle>
            <unitdate type="inclusive" era="ce" calendar="gregorian" normal="1999/2000"
              >1999-2000</unitdate>
          </did>
        </c02>
        <c02>
          <did>
            <container type="Box">2</container>
            <container type="Folder">13</container>
            <unittitle>Meeting Minutes, Agendas, and Reports</unittitle>
            <unitdate type="inclusive" era="ce" calendar="gregorian" normal="1999/2001"
              >1999-2001</unitdate>
            <unitdate type="inclusive" era="ce" calendar="gregorian" normal="2003">2003</unitdate>
            <unitdate type="inclusive" era="ce" calendar="gregorian" normal="1978/2005"
              >Undated</unitdate>
          </did>
        </c02>
        <c02>
          <did>
            <container type="Box">2</container>
            <container type="Folder">14</container>
            <unittitle>CDGLCC Publications and Announcements</unittitle>
            <unitdate type="inclusive" era="ce" calendar="gregorian" normal="1999/2003"
              >1999-2003</unitdate>
          </did>
        </c02>
        <c02>
          <did>
            <container type="Box">2</container>
            <container type="Folder">15</container>
            <unittitle>Notes From Retreats</unittitle>
            <unitdate type="inclusive" era="ce" calendar="gregorian" normal="1999">1999</unitdate>
            <unitdate type="inclusive" era="ce" calendar="gregorian" normal="2001/2002"
              >2001-2002</unitdate>
            <unitdate type="inclusive" era="ce" calendar="gregorian" normal="1978/2005"
              >Undated</unitdate>
          </did>
        </c02>
        <c02>
          <did>
            <container type="Box">2</container>
            <container type="Folder">16</container>
            <unittitle>CDGLCC Events</unittitle>
            <unitdate type="inclusive" era="ce" calendar="gregorian" normal="1999/2000"
              >1999-2000</unitdate>
            <unitdate type="inclusive" era="ce" calendar="gregorian" normal="2002">2002</unitdate>
            <unitdate type="inclusive" era="ce" calendar="gregorian" normal="2004">2004</unitdate>
            <unitdate type="inclusive" era="ce" calendar="gregorian" normal="1978/2005"
              >Undated</unitdate>
          </did>
        </c02>
        <c02>
          <did>
            <container type="Box">2</container>
            <container type="Folder">17</container>
            <unittitle>CDGLCC Financial Statements</unittitle>
            <unitdate type="inclusive" era="ce" calendar="gregorian" normal="1999">1999</unitdate>
            <unitdate type="inclusive" era="ce" calendar="gregorian" normal="2001/2004"
              >2001-2004</unitdate>
          </did>
        </c02>
        <c02>
          <did>
            <container type="Box">2</container>
            <container type="Folder">18</container>
            <unittitle>Community Health Issues Survey</unittitle>
            <unitdate type="inclusive" era="ce" calendar="gregorian" normal="2000">2000</unitdate>
            <unitdate type="inclusive" era="ce" calendar="gregorian" normal="1978/2005"
              >Undated</unitdate>
          </did>
        </c02>
        <c02>
          <did>
            <container type="Box">2</container>
            <container type="Folder">19</container>
            <unittitle>Binder, Youth Program and Scholarship</unittitle>
            <unitdate type="inclusive" era="ce" calendar="gregorian" normal="1995/2005">ca.
              2000</unitdate>
          </did>
        </c02>
        <c02>
          <did>
            <container type="Box">3</container>
            <container type="Folder">1</container>
            <unittitle>CDGLCC Nomination Process</unittitle>
            <unitdate type="inclusive" era="ce" calendar="gregorian" normal="2001">2001</unitdate>
          </did>
        </c02>
        <c02>
          <did>
            <container type="Box">3</container>
            <container type="Folder">2</container>
            <unittitle>CDGLCC Financial Audit</unittitle>
            <unitdate type="inclusive" era="ce" calendar="gregorian" normal="2001">2001</unitdate>
            <unitdate type="inclusive" era="ce" calendar="gregorian" normal="2002">2002</unitdate>
          </did>
        </c02>
        <c02>
          <did>
            <container type="Box">3</container>
            <container type="Folder">3</container>
            <unittitle>Phase 1: Capital Campaign Report</unittitle>
            <unitdate type="inclusive" era="ce" calendar="gregorian" normal="2001/2002"
              >2001-2002</unitdate>
          </did>
        </c02>
        <c02>
          <did>
            <container type="Box">3</container>
            <container type="Folder">4</container>
            <unittitle>Rebranding Notes</unittitle>
            <unitdate type="inclusive" era="ce" calendar="gregorian" normal="2001/2002"
              >2001-2002</unitdate>
            <unitdate type="inclusive" era="ce" calendar="gregorian" normal="1978/2005"
              >Undated</unitdate>
          </did>
        </c02>
        <c02>
          <did>
            <container type="Box">3</container>
            <container type="Folder">5</container>
            <unittitle>Employee Evaluations</unittitle>
            <unitdate type="inclusive" era="ce" calendar="gregorian" normal="2001/2003"
              >2001-2003</unitdate>
            <unitdate type="inclusive" era="ce" calendar="gregorian" normal="1978/2005"
              >Undated</unitdate>
          </did>
        </c02>
        <c02>
          <did>
            <container type="Box">3</container>
            <container type="Folder">6</container>
            <unittitle>Empire State Pride Agenda Lobby Day</unittitle>
            <unitdate type="inclusive" era="ce" calendar="gregorian" normal="2002-05">May
              2002</unitdate>
          </did>
        </c02>
        <c02>
          <did>
            <container type="Box">3</container>
            <container type="Folder">7</container>
            <unittitle>Corporate Calls</unittitle>
            <unitdate type="inclusive" era="ce" calendar="gregorian" normal="2002">2002</unitdate>
          </did>
        </c02>
        <c02>
          <did>
            <container type="Box">3</container>
            <container type="Folder">8</container>
            <unittitle>D/B/A Certificate</unittitle>
            <unitdate type="inclusive" era="ce" calendar="gregorian" normal="2002">2002</unitdate>
          </did>
        </c02>
        <c02>
          <did>
            <container type="Box">3</container>
            <container type="Folder">9</container>
            <unittitle>Donor Reception List</unittitle>
            <unitdate type="inclusive" era="ce" calendar="gregorian" normal="2002">2002</unitdate>
          </did>
        </c02>
        <c02>
          <did>
            <container type="Box">3</container>
            <container type="Folder">10</container>
            <unittitle>Journal Ads</unittitle>
            <unitdate type="inclusive" era="ce" calendar="gregorian" normal="2002">2002</unitdate>
          </did>
        </c02>
        <c02>
          <did>
            <container type="Box">3</container>
            <container type="Folder">11</container>
            <unittitle>Small Business Council Awards</unittitle>
            <unitdate type="inclusive" era="ce" calendar="gregorian" normal="2002">2002</unitdate>
          </did>
        </c02>
        <c02>
          <did>
            <container type="Box">3</container>
            <container type="Folder">12</container>
            <unittitle>Executive Director Search - RESTRICTED</unittitle>
            <unitdate type="inclusive" era="ce" calendar="gregorian" normal="2002/2003"
              >2002-2003</unitdate>
            <unitdate type="inclusive" era="ce" calendar="gregorian" normal="1978/2005"
              >Undated</unitdate>
          </did>
        </c02>
        <c02>
          <did>
            <container type="Box">3</container>
            <container type="Folder">13</container>
            <unittitle>Awards Dinner</unittitle>
            <unitdate type="inclusive" era="ce" calendar="gregorian" normal="2002/2005"
              >2002-2005</unitdate>
          </did>
        </c02>
        <c02>
          <did>
            <container type="Box">3</container>
            <container type="Folder">14</container>
            <unittitle>Sonda Legislative Debate Transcript</unittitle>
            <unitdate type="inclusive" era="ce" calendar="gregorian" normal="2003-01-30">January 30,
              2003</unitdate>
          </did>
        </c02>
        <c02>
          <did>
            <container type="Oversized">1</container>
            <container type="Folder">6</container>
            <unittitle><emph render="italic">commUNITY</emph></unittitle>
            <unitdate type="inclusive" era="ce" calendar="gregorian" normal="2003-05/2003-12"
              >May-December 2003</unitdate>
          </did>
        </c02>
        <c02>
          <did>
            <container type="Box">3</container>
            <container type="Folder">15</container>
            <unittitle>Community Walk</unittitle>
            <unitdate type="inclusive" era="ce" calendar="gregorian" normal="2003">2003</unitdate>
          </did>
        </c02>
        <c02>
          <did>
            <container type="Box">3</container>
            <container type="Folder">16</container>
            <unittitle>State of The State Report</unittitle>
            <unitdate type="inclusive" era="ce" calendar="gregorian" normal="2003">2003</unitdate>
          </did>
        </c02>
        <c02>
          <did>
            <container type="Box">3</container>
            <container type="Folder">17</container>
            <unittitle>Survey of Needs and Services</unittitle>
            <unitdate type="inclusive" era="ce" calendar="gregorian" normal="2003">2003</unitdate>
          </did>
        </c02>
        <c02>
          <did>
            <container type="Oversized">1</container>
            <container type="Folder">7</container>
            <unittitle>V-Ball: The Red and White Party</unittitle>
            <unitdate type="inclusive" era="ce" calendar="gregorian" normal="2003">2003</unitdate>
          </did>
        </c02>
        <c02>
          <did>
            <container type="Box">3</container>
            <container type="Folder">18</container>
            <unittitle>Job Postings</unittitle>
            <unitdate type="inclusive" era="ce" calendar="gregorian" normal="2003">2003</unitdate>
            <unitdate type="inclusive" era="ce" calendar="gregorian" normal="1978/2005"
              >Undated</unitdate>
          </did>
        </c02>
        <c02>
          <did>
            <container type="Artifact-Box">1</container>
            <unittitle>Ribbon, Button and Lanyard from Capital Pride</unittitle>
            <unitdate type="inclusive" era="ce" calendar="gregorian" normal="2003">2003</unitdate>
            <unitdate type="inclusive" era="ce" calendar="gregorian" normal="1978/2005"
              >Undated</unitdate>
          </did>
        </c02>
        <c02>
          <did>
            <container type="Box">3</container>
            <container type="Folder">19</container>
            <unittitle>Suzanne Westenhoefer</unittitle>
            <unitdate type="inclusive" era="ce" calendar="gregorian" normal="2003">2003</unitdate>
            <unitdate type="inclusive" era="ce" calendar="gregorian" normal="1978/2005"
              >Undated</unitdate>
          </did>
        </c02>
        <c02>
          <did>
            <container type="Oversized">1</container>
            <container type="Folder">8</container>
            <unittitle><emph render="italic">commUNITY</emph></unittitle>
            <unitdate type="inclusive" era="ce" calendar="gregorian" normal="2004-02/2005-02"
              >February 2004-February 2005</unitdate>
          </did>
        </c02>
        <c02>
          <did>
            <container type="Box">3</container>
            <container type="Folder">20</container>
            <unittitle>Clippings</unittitle>
            <unitdate type="inclusive" era="ce" calendar="gregorian" normal="1978/2005"
              >Undated</unitdate>
          </did>
        </c02>
        <c02>
          <did>
            <container type="Box">3</container>
            <container type="Folder">21</container>
            <unittitle>Committee Information</unittitle>
            <unitdate type="inclusive" era="ce" calendar="gregorian" normal="1978/2005"
              >Undated</unitdate>
          </did>
        </c02>
        <c02>
          <did>
            <container type="Box">3</container>
            <container type="Folder">22</container>
            <unittitle>Cynthia M. Swadba Profile</unittitle>
            <unitdate type="inclusive" era="ce" calendar="gregorian" normal="1978/2005"
              >Undated</unitdate>
          </did>
        </c02>
        <c02>
          <did>
            <container type="Box">3</container>
            <container type="Folder">23</container>
            <unittitle>Development Audit Request</unittitle>
            <unitdate type="inclusive" era="ce" calendar="gregorian" normal="1978/2005"
              >Undated</unitdate>
          </did>
        </c02>
        <c02>
          <did>
            <container type="Box">3</container>
            <container type="Folder">24</container>
            <unittitle>Gays at the Races</unittitle>
            <unitdate type="inclusive" era="ce" calendar="gregorian" normal="1978/2005"
              >Undated</unitdate>
          </did>
        </c02>
        <c02>
          <did>
            <container type="Box">3</container>
            <container type="Folder">25</container>
            <unittitle>Tulip Fest Information Booth</unittitle>
            <unitdate type="inclusive" era="ce" calendar="gregorian" normal="1978/2005"
              >Undated</unitdate>
          </did>
        </c02>
      </c01>
      <c01 level="series">
        <did>
          <unittitle label="Series VI"> Series 6: Empire State Pride Agenda</unittitle>
          <physdesc> 0.5 cubic ft. </physdesc>
          <unitdate type="inclusive" era="ce" calendar="gregorian" normal="1987/1992">1987-1992</unitdate>
          <unitdate type="inclusive" era="ce" calendar="gregorian" normal="1978/2005"
            >Undated</unitdate>
        </did>
        <arrangement>
          <p> Arranged chronologically. </p>
        </arrangement>
        <scopecontent>
          <p>This series predominantly contains meeting minutes, agendas, correspondences, and other
            materials related to the Empire State Pride Agenda.</p>
        </scopecontent>
        <c02>
          <did>
            <container type="Box">1</container>
            <container type="Folder">1</container>
            <unittitle>Dick Dadey/Executive Director Reports</unittitle>
            <unitdate type="inclusive" era="ce" calendar="gregorian" normal="1987">1987</unitdate>
            <unitdate type="inclusive" era="ce" calendar="gregorian" normal="1989">1989</unitdate>
            <unitdate type="inclusive" era="ce" calendar="gregorian" normal="1990/1992"
              >1990-1992</unitdate>
            <unitdate type="inclusive" era="ce" calendar="gregorian" normal="1978/2005"
              >Undated</unitdate>
          </did>
        </c02>
        <c02>
          <did>
            <container type="Box">1</container>
            <container type="Folder">2</container>
            <unittitle>Mailing List Information</unittitle>
            <unitdate type="inclusive" era="ce" calendar="gregorian" normal="1988">1988</unitdate>
          </did>
        </c02>
        <c02>
          <did>
            <container type="Box">1</container>
            <container type="Folder">3</container>
            <unittitle>Consolidation Information</unittitle>
            <unitdate type="inclusive" era="ce" calendar="gregorian" normal="1989/1990"
              >1989-1990</unitdate>
            <unitdate type="inclusive" era="ce" calendar="gregorian" normal="1978/2005"
              >Undated</unitdate>
          </did>
        </c02>
        <c02>
          <did>
            <container type="Box">1</container>
            <container type="Folder">4</container>
            <unittitle>Fundraising</unittitle>
            <unitdate type="inclusive" era="ce" calendar="gregorian" normal="1989/1991"
              >1989-1991</unitdate>
            <unitdate type="inclusive" era="ce" calendar="gregorian" normal="1978/2005"
              >Undated</unitdate>
          </did>
        </c02>
        <c02>
          <did>
            <container type="Box">1</container>
            <container type="Folder">5</container>
            <unittitle>Sol-C-3 Information</unittitle>
            <unitdate type="inclusive" era="ce" calendar="gregorian" normal="1989">1989</unitdate>
            <unitdate type="inclusive" era="ce" calendar="gregorian" normal="1991">1991</unitdate>
            <unitdate type="inclusive" era="ce" calendar="gregorian" normal="1978/2005"
              >Undated</unitdate>
          </did>
        </c02>
        <c02>
          <did>
            <container type="Box">1</container>
            <container type="Folder">6</container>
            <unittitle>Clippings</unittitle>
            <unitdate type="inclusive" era="ce" calendar="gregorian" normal="1989/1992"
              >1989-1992</unitdate>
            <unitdate type="inclusive" era="ce" calendar="gregorian" normal="1978/2005"
              >Undated</unitdate>
          </did>
        </c02>
        <c02>
          <did>
            <container type="Box">1</container>
            <container type="Folder">7</container>
            <unittitle>Board Membership/Information</unittitle>
            <unitdate type="inclusive" era="ce" calendar="gregorian" normal="1990">1990</unitdate>
          </did>
        </c02>
        <c02>
          <did>
            <container type="Box">1</container>
            <container type="Folder">8</container>
            <unittitle>Marketing Plan</unittitle>
            <unitdate type="inclusive" era="ce" calendar="gregorian" normal="1990">1990</unitdate>
            <unitdate type="inclusive" era="ce" calendar="gregorian" normal="1978/2005"
              >Undated</unitdate>
          </did>
        </c02>
        <c02>
          <did>
            <container type="Box">1</container>
            <container type="Folder">9</container>
            <unittitle>Domestic Partnership</unittitle>
            <unitdate type="inclusive" era="ce" calendar="gregorian" normal="1990/1991"
              >1990-1991</unitdate>
          </did>
        </c02>
        <c02>
          <did>
            <container type="Box">1</container>
            <container type="Folder">10</container>
            <unittitle>Newsletters</unittitle>
            <unitdate type="inclusive" era="ce" calendar="gregorian" normal="1990/1991"
              >1990-1991</unitdate>
          </did>
        </c02>
        <c02>
          <did>
            <container type="Box">1</container>
            <container type="Folder">11</container>
            <unittitle>AIDS Budget/90 Freeze</unittitle>
            <unitdate type="inclusive" era="ce" calendar="gregorian" normal="1990/1991"
              >1990-1991</unitdate>
            <unitdate type="inclusive" era="ce" calendar="gregorian" normal="1978/2005"
              >Undated</unitdate>
          </did>
        </c02>
        <c02>
          <did>
            <container type="Box">1</container>
            <container type="Folder">12</container>
            <unittitle>Board Correspondence</unittitle>
            <unitdate type="inclusive" era="ce" calendar="gregorian" normal="1990/1991"
              >1990-1991</unitdate>
            <unitdate type="inclusive" era="ce" calendar="gregorian" normal="1978/2005"
              >Undated</unitdate>
          </did>
        </c02>
        <c02>
          <did>
            <container type="Box">1</container>
            <container type="Folder">13</container>
            <unittitle>Director's Goals and Evaluation Forms</unittitle>
            <unitdate type="inclusive" era="ce" calendar="gregorian" normal="1990/1991"
              >1990-1991</unitdate>
            <unitdate type="inclusive" era="ce" calendar="gregorian" normal="1978/2005"
              >Undated</unitdate>
          </did>
        </c02>
        <c02>
          <did>
            <container type="Box">1</container>
            <container type="Folder">14</container>
            <unittitle>Bias Bill</unittitle>
            <unitdate type="inclusive" era="ce" calendar="gregorian" normal="1990/1992"
              >1990-1992</unitdate>
            <unitdate type="inclusive" era="ce" calendar="gregorian" normal="1978/2005"
              >Undated</unitdate>
          </did>
        </c02>
        <c02>
          <did>
            <container type="Box">1</container>
            <container type="Folder">15</container>
            <unittitle>Financial Information</unittitle>
            <unitdate type="inclusive" era="ce" calendar="gregorian" normal="1990/1992"
              >1990-1992</unitdate>
            <unitdate type="inclusive" era="ce" calendar="gregorian" normal="1978/2005"
              >Undated</unitdate>
          </did>
        </c02>
        <c02>
          <did>
            <container type="Box">2</container>
            <container type="Folder">1</container>
            <unittitle>Meeting Minutes</unittitle>
            <unitdate type="inclusive" era="ce" calendar="gregorian" normal="1991">1991</unitdate>
          </did>
        </c02>
        <c02>
          <did>
            <container type="Box">2</container>
            <container type="Folder">2</container>
            <unittitle>Nominations Committee</unittitle>
            <unitdate type="inclusive" era="ce" calendar="gregorian" normal="1986/1996">ca.
              1991</unitdate>
          </did>
        </c02>
        <c02>
          <did>
            <container type="Box">2</container>
            <container type="Folder">3</container>
            <unittitle>Conservative Caucus Letters and Marques Rodriguez Trial</unittitle>
            <unitdate type="inclusive" era="ce" calendar="gregorian" normal="1991">1991</unitdate>
            <unitdate type="inclusive" era="ce" calendar="gregorian" normal="1978/2005"
              >Undated</unitdate>
          </did>
        </c02>
        <c02>
          <did>
            <container type="Box">2</container>
            <container type="Folder">4</container>
            <unittitle>Events</unittitle>
            <unitdate type="inclusive" era="ce" calendar="gregorian" normal="1991">1991</unitdate>
            <unitdate type="inclusive" era="ce" calendar="gregorian" normal="1978/2005"
              >Undated</unitdate>
          </did>
        </c02>
        <c02>
          <did>
            <container type="Box">2</container>
            <container type="Folder">5</container>
            <unittitle>Federal Express Receipts</unittitle>
            <unitdate type="inclusive" era="ce" calendar="gregorian" normal="1991">1991</unitdate>
            <unitdate type="inclusive" era="ce" calendar="gregorian" normal="1978/2005"
              >Undated</unitdate>
          </did>
        </c02>
        <c02>
          <did>
            <container type="Box">2</container>
            <container type="Folder">6</container>
            <unittitle>Legislative Reports</unittitle>
            <unitdate type="inclusive" era="ce" calendar="gregorian" normal="1991">1991</unitdate>
            <unitdate type="inclusive" era="ce" calendar="gregorian" normal="1978/2005"
              >Undated</unitdate>
          </did>
        </c02>
        <c02>
          <did>
            <container type="Box">2</container>
            <container type="Folder">7</container>
            <unittitle>Lobbying/PAC/org.info</unittitle>
            <unitdate type="inclusive" era="ce" calendar="gregorian" normal="1991">1991</unitdate>
            <unitdate type="inclusive" era="ce" calendar="gregorian" normal="1978/2005"
              >Undated</unitdate>
          </did>
        </c02>
        <c02>
          <did>
            <container type="Box">2</container>
            <container type="Folder">8</container>
            <unittitle>NYC Re-districting</unittitle>
            <unitdate type="inclusive" era="ce" calendar="gregorian" normal="1991">1991</unitdate>
            <unitdate type="inclusive" era="ce" calendar="gregorian" normal="1978/2005"
              >Undated</unitdate>
          </did>
        </c02>
        <c02>
          <did>
            <container type="Box">2</container>
            <container type="Folder">9</container>
            <unittitle>PAC Guidelines/ Recommendations</unittitle>
            <unitdate type="inclusive" era="ce" calendar="gregorian" normal="1991">1991</unitdate>
            <unitdate type="inclusive" era="ce" calendar="gregorian" normal="1978/2005"
              >Undated</unitdate>
          </did>
        </c02>
        <c02>
          <did>
            <container type="Box">2</container>
            <container type="Folder">10</container>
            <unittitle>Press Releases</unittitle>
            <unitdate type="inclusive" era="ce" calendar="gregorian" normal="1991/1992"
              >1991-1992</unitdate>
            <unitdate type="inclusive" era="ce" calendar="gregorian" normal="1978/2005"
              >Undated</unitdate>
          </did>
        </c02>
        <c02>
          <did>
            <container type="Box">2</container>
            <container type="Folder">11</container>
            <unittitle>Agendas and Memorandums</unittitle>
            <unitdate type="inclusive" era="ce" calendar="gregorian" normal="1992">1992</unitdate>
          </did>
        </c02>
        <c02>
          <did>
            <container type="Box">2</container>
            <container type="Folder">12</container>
            <unittitle>NGLTS' National Lobby Days Report</unittitle>
            <unitdate type="inclusive" era="ce" calendar="gregorian" normal="1992">1992</unitdate>
          </did>
        </c02>
        <c02>
          <did>
            <container type="Box">2</container>
            <container type="Folder">13</container>
            <unittitle>Perry Institute</unittitle>
            <unitdate type="inclusive" era="ce" calendar="gregorian" normal="1992">1992</unitdate>
          </did>
        </c02>
        <c02>
          <did>
            <container type="Box">2</container>
            <container type="Folder">14</container>
            <unittitle>Updates, Correspondences, Press Releases, and Issues</unittitle>
            <unitdate type="inclusive" era="ce" calendar="gregorian" normal="1992">1992</unitdate>
          </did>
        </c02>
        <c02>
          <did>
            <container type="Box">2</container>
            <container type="Folder">15</container>
            <unittitle>Civil Rights Reports and Diversity Articles</unittitle>
            <unitdate type="inclusive" era="ce" calendar="gregorian" normal="1992">1992</unitdate>
            <unitdate type="inclusive" era="ce" calendar="gregorian" normal="1978/2005"
              >Undated</unitdate>
          </did>
        </c02>
        <c02>
          <did>
            <container type="Box">3</container>
            <container type="Folder">1</container>
            <unittitle>Multi-Cultural Development</unittitle>
            <unitdate type="inclusive" era="ce" calendar="gregorian" normal="1992">1992</unitdate>
            <unitdate type="inclusive" era="ce" calendar="gregorian" normal="1978/2005"
              >Undated</unitdate>
          </did>
        </c02>
        <c02>
          <did>
            <container type="Box">3</container>
            <container type="Folder">2</container>
            <unittitle>Committee Structure</unittitle>
            <unitdate type="inclusive" era="ce" calendar="gregorian" normal="1978/2005"
              >Undated</unitdate>
          </did>
        </c02>
        <c02>
          <did>
            <container type="Box">3</container>
            <container type="Folder">3</container>
            <unittitle>Empire State Pride Agenda Needs Assessment</unittitle>
            <unitdate type="inclusive" era="ce" calendar="gregorian" normal="1978/2005"
              >Undated</unitdate>
          </did>
        </c02>
        <c02>
          <did>
            <container type="Box">3</container>
            <container type="Folder">4</container>
            <unittitle>Executive Director Photo</unittitle>
            <unitdate type="inclusive" era="ce" calendar="gregorian" normal="1978/2005"
              >Undated</unitdate>
          </did>
        </c02>
        <c02>
          <did>
            <container type="Box">3</container>
            <container type="Folder">5</container>
            <unittitle>Proposed By-Laws</unittitle>
            <unitdate type="inclusive" era="ce" calendar="gregorian" normal="1978/2005"
              >Undated</unitdate>
          </did>
        </c02>
      </c01>
    </dsc>
  </archdesc>
</ead>
