﻿<?xml version="1.0"?>
<?xml-stylesheet type="text/xsl" href="eadcbs6-su1_mw_no_series.xsl"?> 

<!DOCTYPE ead SYSTEM "ead.dtd" [

<!ENTITY address "1400 Washington Avenue / Albany, New York 12222">
<!ENTITY contact "For reference queries contact Grenander Department Reference staff or (518)-437-3934">
<!ENTITY copy "&#169;">
]>
<ead id="apap185">
  <eadheader audience="external" findaidstatus="edited-full-draft" langencoding="iso639-2b"
    countryencoding="iso3166-1" dateencoding="iso8601" repositoryencoding="iso15511"
    scriptencoding="iso15924" relatedencoding="DC">
    <eadid countrycode="US" mainagencycode="nalsu"
      url="http://library.albany.edu/speccoll/findaids/apap185.xml" identifier="##">APAP-185</eadid>

    <filedesc>
      <titlestmt>
        <titleproper>THE CAPITAL REGION TRANSGENDER COMMUNITY ARCHIVE COLLECTION (APAP-185), <date
            normal="1969/2006" type="inclusive">1969-2006</date></titleproper>
        <author>Jamie Brinkman</author>
        <sponsor>This project was made possible by a grant from the Documentary Heritage Program
          (DHP) of the New York State Archives, a program of the State Education
          Department.</sponsor>
      </titlestmt>
      <publicationstmt>
        <publisher> M. E. Grenander Department of Special Collections and Archives </publisher>
        <address>
              <addressline>
                1400 Washington Avenue / Albany, New York 12222
              </addressline>
            </address>
        <date type="publication"> &copy; 2014 By the University at Albany, SUNY. All rights
          reserved. </date>
      </publicationstmt>
    </filedesc>

    <profiledesc>
      <creation>Jamie Brinkman<date normal="2014">2014</date>
      </creation>
      <langusage>
        <language langcode="eng" encodinganalog="Language">English</language>
      </langusage>
    </profiledesc>

    <revisiondesc>
      <change>
        <date/>
        <item/>
      </change>
    </revisiondesc>

  </eadheader>
  <frontmatter>
    <titlepage>
      <titleproper>THE CAPITAL DISTRICT TRANSGENDER COMMUNITY ARCHIVE COLLECTION, <date
          normal="1969/2006" type="inclusive">1968-2013</date>
      </titleproper>
      <publisher> M. E. Grenander Department of Special Collections and Archives</publisher>
      <date type="publication">2014</date>
      <p>&contact;</p>
    </titlepage>
  </frontmatter>

  <archdesc level="collection">
    <did>
      <head> Descriptive Summary </head>
      <unittitle>The Capital District Transgender Community Archive Collection <unitdate
          type="inclusive" normal="1969/2006" label="Date:"> 1969-2006</unitdate>
      </unittitle>
      <physdesc label="Physical Characteristics:">3.37 cubic ft. </physdesc>
      <repository label="Repository:"> M. E. Grenander Department of Special Collections and
        Archives, University at Albany, SUNY </repository>
      <abstract label="Abstract:">The Capital District Transgender Community Archive Collection
        contains material pertaining to local trangender history. This collections contains a large
        variety of publications about transgenderism.</abstract>
      <langmaterial>The materials in the collection are in <language langcode="eng"
          >English</language>.</langmaterial>


      <physloc label="Storage:">The materials are located onsite in the department.</physloc>
    </did>
    <accessrestrict>
      <head> Access </head>
      <p> Access to this record group is unrestricted with the exception of several marked folders.
        These folders are restricted due to the graphic nature of some and others are restricted
        upon request of the donor.</p>
    </accessrestrict>
    <userestrict>
      <head> Copyright </head>
      <p> The researcher assumes full responsibility for conforming with the laws of copyright.
        Whenever possible, the M.E. Grenander Department of Special Collections and Archives will
        provide information about copyright owners and other restrictions, but the legal
        determination ultimately rests with the researcher. Requests for permission to publish
        material from this collection should be discussed with the Head of Special Collections and
        Archives. </p>
    </userestrict>
    <acqinfo>
      <head> Acquisition Information </head>
      <p>Susan Poe donated these papers to the M.E. Grenander Department of Special Collections in a
        series of donations in 2004-2006. </p>
    </acqinfo>
    <bioghist>
      <head>Organizational Sketch</head>
      <p>This collection is a gathering of material that reflects the history of the local
        transgender community. A majority of the material belonged to Winnie Brandt, the former
        President of the Transgender Independence Club, also known as TGIC. Brandt, along with other
        transgender community members, produced as well as collected a large number of local,
        regional, and national publications. The TGIC and TVIC were two local transgender groups
        based in Albany New York. TGIC was founded in 1971, and at the time was the only membership
        organization in the Albany area for transgender people where enrollment stayed confidential.
        TGIC held weekly social gatherings for transgender people to socialize with other
        transgender people or partake in discussion about issues affecting the transgender
        community. Unfortunately the club was disbanded in the early 2000s due to much conflict
        within the group. A group similar to TGIC was the Albany Gender Project, founded in 2001 by
        Susan Poe and Helen Farrell. The project worked to improve the conditions for transgender
        people in the Capital Region as well as promote and advocate educational services for them.
        The Albany Gender Project also hosted bimonthly meetings where members held forums, listened
        to guest speakers, and were connected to the social services they needed.</p>
      <p>For the transgender community, this collection shows "how we've been a real community with
        a collective life and traditions and continuity. It shows what our issues have been, what we
        keep rehashing, what works, what doesn't, and who the personalities have been and how they've
        helped the community." (Taken from the final issue of <emph render="italic">Trannies in
          Love</emph>).</p>
    </bioghist>

    <scopecontent>
      <head> Scope and Content Information </head>
      <p> The Capital Region Transgender Community Archive is a unique collection of local and
        regional newsletters and documents from the 1970s to the present. The collection includes
        the TVIC newsletter (1972-1984), TGIC newsletter (1987-2001), and issues of other local,
        regional, and national publications. National titles include <emph render="italic">TV-TS
          Tapestry</emph>, <emph render="italic">Transgender Tapestry</emph>, <emph render="italic"
          >Femme Mirror</emph>, and <emph render="italic">Cross-Talk</emph>. The researcher should
        note that <emph render="italic">TV-TS Tapestry</emph>, <emph render="italic">TV/TS
          Tapestry</emph>, <emph render="italic">TV-TS Tapestry Journal</emph>, and <emph
          render="italic">Transgender Tapestry</emph> are the same publication, the title just
        changed throughout the years. Regional titles include <emph render="italic">Our
          Sorority</emph>, <emph render="italic">The Journal of Gender Studies</emph>, <emph
          render="italic">Outreach Beacon</emph>, and <emph render="italic"> Rosebuds</emph>. In
        addition to the TVIC and TGIC newsletters local pulications in this collection include all
        issues of <emph render="italic">Trannies in Love</emph>, an issue of <emph render="italic"
          >TV Entertainers</emph> and an issue of <emph render="italic">Metroland</emph>. Also
        available in the collection are posters, fliers, some organizational records, videos,
        electronic records, and material from the Albany Gender Project. </p>

      <p>Researchers interested in using this collection will be required to sign a document
        agreeing to not disclose personally identifiable information from this collection.</p>
    </scopecontent>
    <separatedmaterial encodinganalog="544 0">
      <p>The archivist transferred three monographs: <title><emph render="italic">A Quiet Song, A
            Little Storm</emph></title> written by Mary Ellen Reinhard, <title><emph render="italic"
            >Dressing Up</emph></title> written by Peter Ackroyd, and <title><emph render="italic"
            >Transformations</emph></title> written by Mariette Pathy Allen to the book division of
        Special Collections. These will be catalogued and included at a later date in the University
        Library Catalog.</p>
    </separatedmaterial>

    <arrangement encodinganalog="351$a">
      <head>Arrangement of the Collection</head>
      <p>The collection is organized chronologically. There are no series.</p>
    </arrangement>

    <!-- The controlaccess section contains the various subject headings (access points) for the collection.
           Copy and paste to create more of them, as needed.  Use the Library of Congress Name Authority 
           Files (lcnaf) and subject headings (lcsh), the Art and Architecture Thesaurus (aat), or other 
           standards as applicable.  For each one, include the source attribute (for example, source="lcnaf"). 
           If you need to use terms that aren't in any of the sources, that's fine, just set source="local" . 
           Try to give as many access points as you can to increase the chances of 
           researchers finding your data.  Any that you do not use, or that are not applicable, be sure 
           to comment them out! -->

    <controlaccess>
      <head>Subject and Genre Headings</head>

      <persname encodinganalog="610" source="local">Albany Gender Project</persname>

      <subject encodinganalog="650" source="lcsh">Community organization--New York (State)--Albany</subject>
      <subject encodinganalog="650" source="lcsh">Transgender people--New York (State)</subject>
      <subject encodinganalog="650" source="lcsh">Transgenderism--New York (State)</subject>

      <genreform encodinganalog="655" source="aat">Magazines (periodicals)</genreform>
      <genreform encodinganalog="655" source="aat">Newspapers</genreform>
      <genreform encodinganalog="655" source="aat">Newsletters</genreform>
      <genreform encodinganalog="655" source="aat">Correspondence</genreform>
      <genreform encodinganalog="655" source="aat">Electronic documents</genreform>
    </controlaccess>


    <prefercite encodinganalog="524">
      <head>Preferred Citation</head>
      <p>Preferred citation for this material is as follows:</p>
      <p>Identification of specific item, series, box, folder, Capital District Transgender
        Community Archive Collection, 1969-2006. M.E. Grenander Department of Special Collections
        and Archives, University Libraries, University at Albany, State University of New York
        (hereafter referred to as the Transgender Community Collection).</p>
    </prefercite>

    <!-- <appraisal encodinganalog="583">
         <head>Appraisal Information</head>
         <p>## OPT Give the value of the collection and the date appraised.</p>
      </appraisal>-->

    <!--<accruals encodinganalog="584">
         <head>Accruals</head>
         <p>## OPT If additions to the collection are anticipated, state when, how, how much,
            etc.</p>
      </accruals>-->

    <dsc type="combined">
      <head>Container List</head>
      <c01>
        <did>
          <container type="Video-Tape">1</container>
          <unittitle>Albany Gender Project, Attorney D. Broda and B.J. Hahn Gravesite Memorial
            Day</unittitle>
          <unitdate type="inclusive" era="ce" calendar="gregorian" normal="2002">2002</unitdate>
        </did>
      </c01>
      <c01>
        <did>
          <container type="Box">1</container>
          <container type="Folder">1</container>
          <unittitle>Albany Gender Project Brochures, Newsletters, Constitution, and Papers,
            RESTRICTED</unittitle>
          <unitdate type="inclusive" era="ce" calendar="gregorian" normal="2002/2003"
            >2002-2003</unitdate>
          <unitdate type="inclusive" era="ce" calendar="gregorian" normal="1969/2006"
            >Undated</unitdate>
        </did>
      </c01>
      <c01>
        <did>
          <container type="Video-Tape">2</container>
          <unittitle>Albany Gender Project, D. Broda talking about Name Changing and Inheritance,
            B.J. Hahn Gravesite Memorial Day, and Poe and LaVedure on Homo Radio</unittitle>
          <unitdate type="inclusive" era="ce" calendar="gregorian" normal="2002/2003"
            >2002-2003</unitdate>
        </did>
      </c01>
      <c01>
        <did>
          <container type="Video-Tape">3</container>
          <unittitle>Albany Gender Project, Gallery</unittitle>
          <unitdate type="inclusive" era="ce" calendar="gregorian" normal="2002">2002</unitdate>
        </did>
      </c01>
      <c01>
        <did>
          <container type="Video-Tape">4</container>
          <unittitle>Albany Gender Project, W. Lemily and W. Callan Williams</unittitle>
          <unitdate type="inclusive" era="ce" calendar="gregorian" normal="2002">2002</unitdate>
        </did>
      </c01>
      <c01>
        <did>
          <container type="Box">1</container>
          <container type="Folder">2</container>
          <unittitle>Albany Transgender Social Center, RESTRICTED</unittitle>
          <unitdate type="inclusive" era="ce" calendar="gregorian" normal="2005/2006"
            >2005-2006</unitdate>
        </did>
      </c01>
      <c01>
        <did>
          <container type="DVD">1</container>
          <unittitle>Albany Transgender Social Center, Civil Rights Series</unittitle>
          <unitdate type="inclusive" era="ce" calendar="gregorian" normal="2005">2005</unitdate>
        </did>
      </c01>
      <c01>
        <did>
          <container type="Oversized">1</container>
          <unittitle>Albany Transgender Social Center Flyer</unittitle>
          <unitdate type="inclusive" era="ce" calendar="gregorian" normal="2005">2005</unitdate>
        </did>
      </c01>
      <c01>
        <did>
          <container type="Box">1</container>
          <container type="Folder">3</container>
          <unittitle>Albany TV Entertainers</unittitle>
          <unitdate type="inclusive" era="ce" calendar="gregorian" normal="1987/1990"
            >1987-1990</unitdate>
          <unitdate type="inclusive" era="ce" calendar="gregorian" normal="1969/2006"
            >Undated</unitdate>
        </did>
      </c01>
      <c01>
        <did>
          <container type="Box">1</container>
          <container type="Folder">4</container>
          <unittitle><emph render="italic">The American Crossdresser</emph></unittitle>
          <unitdate type="inclusive" era="ce" calendar="gregorian" normal="1969/2006"
            >Undated</unitdate>
        </did>
      </c01>
      <c01>
        <did>
          <container type="Box">1</container>
          <container type="Folder">5</container>
          <unittitle>Background on TGIC demise and other conflicts, RESTRICTED</unittitle>
          <unitdate type="inclusive" era="ce" calendar="gregorian" normal="2002/2003"
            >2002-2003</unitdate>
        </did>
      </c01>
      <c01>
        <did>
          <container type="Box">1</container>
          <container type="Folder">6</container>
          <unittitle>Bobbi Jo Hahn, RESTRICTED</unittitle>
          <unitdate type="inclusive" era="ce" calendar="gregorian" normal="2000/2001"
            >2000-2001</unitdate>
          <unitdate type="inclusive" era="ce" calendar="gregorian" normal="1969/2006"
            >Undated</unitdate>
        </did>
      </c01>
      <c01>
        <did>
          <container type="Box">1</container>
          <container type="Folder">7</container>
          <unittitle>Book of Program Transcripts from "Coming Together" Convention</unittitle>
          <unitdate type="inclusive" era="ce" calendar="gregorian" normal="1987">1987</unitdate>
        </did>
      </c01>
      <c01>
        <did>
          <container type="Video-Tape">5</container>
          <unittitle>Building a Dynamic Transgender Community</unittitle>
          <unitdate type="inclusive" era="ce" calendar="gregorian" normal="1969/2006"
            >Undated</unitdate>
        </did>
      </c01>
      <c01>
        <did>
          <container type="Box">1</container>
          <container type="Folder">8</container>
          <unittitle>Capital District Transgender Alliance (CDTGA ) E-Group Messages,
            RESTRICTED</unittitle>
          <unitdate type="inclusive" era="ce" calendar="gregorian" normal="2005">2005</unitdate>
        </did>
      </c01>
      <c01>
        <did>
          <container type="Box">1</container>
          <container type="Folder">9</container>
          <unittitle><emph render="italic">Cross-Talk</emph></unittitle>
          <unitdate type="inclusive" era="ce" calendar="gregorian" normal="1993/1994"
            >1993-1994</unitdate>
        </did>
      </c01>
      <c01>
        <did>
          <container type="Box">1</container>
          <container type="Folder">10</container>
          <unittitle><emph render="italic">Cross-Talk</emph></unittitle>
          <unitdate type="inclusive" era="ce" calendar="gregorian" normal="1994/1995"
            >1994-1995</unitdate>
        </did>
      </c01>
      <c01>
        <did>
          <container type="Box">1</container>
          <container type="Folder">11</container>
          <unittitle><emph render="italic">Cross-Talk</emph></unittitle>
          <unitdate type="inclusive" era="ce" calendar="gregorian" normal="1995">1995</unitdate>
        </did>
      </c01>
      <c01>
        <did>
          <container type="Box">1</container>
          <container type="Folder">12</container>
          <unittitle><emph render="italic">Cross-Talk</emph></unittitle>
          <unitdate type="inclusive" era="ce" calendar="gregorian" normal="1995/1996"
            >1995-1996</unitdate>
        </did>
      </c01>
      <c01>
        <did>
          <container type="Box">1</container>
          <container type="Folder">13-14</container>
          <unittitle><emph render="italic">Cross-Talk</emph></unittitle>
          <unitdate type="inclusive" era="ce" calendar="gregorian" normal="1996">1996</unitdate>
        </did>
      </c01>
      <c01>
        <did>
          <container type="Box">1</container>
          <container type="Folder">15-16</container>
          <unittitle>"A Crash Course for Confused Cross-Dressers" and "Success Insurance," Souvenir
            from 1986 Fantasia Fair</unittitle>
          <unitdate type="inclusive" era="ce" calendar="gregorian" normal="1969">1969</unitdate>
          <unitdate type="inclusive" era="ce" calendar="gregorian" normal="1986">1986</unitdate>
        </did>
      </c01>
      <c01>
        <did>
          <container type="Box">1</container>
          <container type="Folder">17</container>
          <unittitle>"The Dance of Samantha McGee"</unittitle>
          <unitdate type="inclusive" era="ce" calendar="gregorian" normal="1979/1989">ca.
            1984</unitdate>
        </did>
      </c01>
      <c01>
        <did>
          <container type="Video-Tape">6</container>
          <unittitle>Fantasia Fair, An Experience to Remember</unittitle>
          <unitdate type="inclusive" era="ce" calendar="gregorian" normal="1993">1993</unitdate>
        </did>
      </c01>
      <c01>
        <did>
          <container type="Box">1</container>
          <container type="Folder">18</container>
          <unittitle>Fantasia Fair Photographs</unittitle>
          <unitdate type="inclusive" era="ce" calendar="gregorian" normal="1988">1988</unitdate>
        </did>
      </c01>
      <c01>
        <did>
          <container type="Box">1</container>
          <container type="Folder">19</container>
          <unittitle><emph render="italic">Femme Mirror</emph></unittitle>
          <unitdate type="inclusive" era="ce" calendar="gregorian" normal="1986/1988"
            >1986-1988</unitdate>
        </did>
      </c01>
      <c01>
        <did>
          <container type="Box">1</container>
          <container type="Folder">20</container>
          <unittitle><emph render="italic">Femme Mirror</emph></unittitle>
          <unitdate type="inclusive" era="ce" calendar="gregorian" normal="1989/1990"
            >1989-1990</unitdate>
        </did>
      </c01>
      <c01>
        <did>
          <container type="Box">1</container>
          <container type="Folder">21</container>
          <unittitle><emph render="italic">Femme Mirror</emph></unittitle>
          <unitdate type="inclusive" era="ce" calendar="gregorian" normal="1991">1991</unitdate>
        </did>
      </c01>
      <c01>
        <did>
          <container type="Box">1</container>
          <container type="Folder">22</container>
          <unittitle><emph render="italic">Femme Mirror</emph></unittitle>
          <unitdate type="inclusive" era="ce" calendar="gregorian" normal="1992">1992</unitdate>
        </did>
      </c01>
      <c01>
        <did>
          <container type="Box">1</container>
          <container type="Folder">23</container>
          <unittitle><emph render="italic">Femme Mirror</emph></unittitle>
          <unitdate type="inclusive" era="ce" calendar="gregorian" normal="1993">1993</unitdate>
        </did>
      </c01>
      <c01>
        <did>
          <container type="Box">1</container>
          <container type="Folder">24</container>
          <unittitle><emph render="italic">Femme Mirror</emph></unittitle>
          <unitdate type="inclusive" era="ce" calendar="gregorian" normal="1994">1994</unitdate>
        </did>
      </c01>
      <c01>
        <did>
          <container type="Box">1</container>
          <container type="Folder">25</container>
          <unittitle><emph render="italic">Femme Mirror</emph></unittitle>
          <unitdate type="inclusive" era="ce" calendar="gregorian" normal="1995">1995</unitdate>
        </did>
      </c01>
      <c01>
        <did>
          <container type="Box">1</container>
          <container type="Folder">26</container>
          <unittitle><emph render="italic">Femme Mirror</emph></unittitle>
          <unitdate type="inclusive" era="ce" calendar="gregorian" normal="1996">1996</unitdate>
        </did>
      </c01>
      <c01>
        <did>
          <container type="Box">2</container>
          <container type="Folder">1</container>
          <unittitle><emph render="italic">Femme Mirror</emph></unittitle>
          <unitdate type="inclusive" era="ce" calendar="gregorian" normal="1996/1997"
            >1996-1997</unitdate>
        </did>
      </c01>
      <c01>
        <did>
          <container type="Box">2</container>
          <container type="Folder">2</container>
          <unittitle><emph render="italic">Femme Mirror</emph></unittitle>
          <unitdate type="inclusive" era="ce" calendar="gregorian" normal="1997">1997</unitdate>
        </did>
      </c01>
      <c01>
        <did>
          <container type="Box">2</container>
          <container type="Folder">3</container>
          <unittitle><emph render="italic">Femme Mirror</emph></unittitle>
          <unitdate type="inclusive" era="ce" calendar="gregorian" normal="1998">1998</unitdate>
        </did>
      </c01>
      <c01>
        <did>
          <container type="Box">2</container>
          <container type="Folder">4</container>
          <unittitle><emph render="italic">Femme Mirror</emph></unittitle>
          <unitdate type="inclusive" era="ce" calendar="gregorian" normal="1998/1999"
            >1998-1999</unitdate>
        </did>
      </c01>
      <c01>
        <did>
          <container type="Box">2</container>
          <container type="Folder">5</container>
          <unittitle>Flyer for Susan Poe's Fulton Street Gallery Summer Residency</unittitle>
          <unitdate type="inclusive" era="ce" calendar="gregorian" normal="1969/2006"
            >Undated</unitdate>
        </did>
      </c01>
      <c01>
        <did>
          <container type="Video-Tape">7</container>
          <unittitle>GENDA</unittitle>
          <unitdate type="inclusive" era="ce" calendar="gregorian" normal="1969/2006"
            >Undated</unitdate>
        </did>
      </c01>
      <c01>
        <did>
          <container type="Box">2</container>
          <container type="Folder">6</container>
          <unittitle>Hartford TVIC and Sugar and Spice Sorority Newsletters</unittitle>
          <unitdate type="inclusive" era="ce" calendar="gregorian" normal="1973">1973</unitdate>
          <unitdate type="inclusive" era="ce" calendar="gregorian" normal="1974">1974</unitdate>
          <unitdate type="inclusive" era="ce" calendar="gregorian" normal="">Undated</unitdate>
        </did>
      </c01>
      <c01>
        <did>
          <container type="DVD">2</container>
          <unittitle>Helen Boyd, "Building Alliances and Community"</unittitle>
          <unitdate type="inclusive" era="ce" calendar="gregorian" normal="1969/2006"
            >Undated</unitdate>
        </did>
      </c01>
      <c01>
        <did>
          <container type="Box">2</container>
          <container type="Folder">8</container>
          <unittitle><emph render="italic">Journal of Gender Studies</emph></unittitle>
          <unitdate type="inclusive" era="ce" calendar="gregorian" normal="1992/1995"
            >1992-1995</unitdate>
        </did>
      </c01>
      <c01>
        <did>
          <container type="Video-Tape">8</container>
          <unittitle>Loving My Poops, Fulton Street Gallery</unittitle>
          <unitdate type="inclusive" era="ce" calendar="gregorian" normal="2002">2002</unitdate>
        </did>
      </c01>
      <c01>
        <did>
          <container type="Oversized">1</container>
          <unittitle><emph render="italic">Metroland</emph></unittitle>
          <unitdate type="inclusive" era="ce" calendar="gregorian" normal="2002">2002</unitdate>
        </did>
      </c01>
      <c01>
        <did>
          <container type="Box">2</container>
          <container type="Folder">8</container>
          <unittitle>My Treasured Friends Books, RESTRICTED</unittitle>
          <unitdate type="inclusive" era="ce" calendar="gregorian" normal="1969/2006"
            >Undated</unitdate>
        </did>
      </c01>
      <c01>
        <did>
          <container type="Box">2</container>
          <container type="Folder">9</container>
          <unittitle><emph render="italic">Our Sorority</emph></unittitle>
          <unitdate type="inclusive" era="ce" calendar="gregorian" normal="1981/1989"
            >1981-1989</unitdate>
        </did>
      </c01>
      <c01>
        <did>
          <container type="Box">2</container>
          <container type="Folder">10</container>
          <unittitle><emph render="italic">Our Sorority</emph></unittitle>
          <unitdate type="inclusive" era="ce" calendar="gregorian" normal="1990/1991"
            >1990-1991</unitdate>
        </did>
      </c01>
      <c01>
        <did>
          <container type="Box">2</container>
          <container type="Folder">11</container>
          <unittitle><emph render="italic">Outreach Beacon</emph></unittitle>
          <unitdate type="inclusive" era="ce" calendar="gregorian" normal="1987/1989"
            >1987-1989</unitdate>
        </did>
      </c01>
      <c01>
        <did>
          <container type="Oversized">1</container>
          <unittitle><emph render="italic">Provincetown Advocate</emph></unittitle>
          <unitdate type="inclusive" era="ce" calendar="gregorian" normal="1975">1975</unitdate>
        </did>
      </c01>
      <c01>
        <did>
          <container type="Box">2</container>
          <container type="Folder">12</container>
          <unittitle><emph render="italic">Rosebuds</emph></unittitle>
          <unitdate type="inclusive" era="ce" calendar="gregorian" normal="1987/1989"
            >1987-1989</unitdate>
        </did>
      </c01>
      <c01>
        <did>
          <container type="Box">2</container>
          <container type="Folder">13</container>
          <unittitle><emph render="italic">Rosebuds</emph></unittitle>
          <unitdate type="inclusive" era="ce" calendar="gregorian" normal="1990/1991"
            >1990-1991</unitdate>
        </did>
      </c01>
      <c01>
        <did>
          <container type="Box">2</container>
          <container type="Folder">14</container>
          <unittitle><emph render="italic">Rosebuds</emph></unittitle>
          <unitdate type="inclusive" era="ce" calendar="gregorian" normal="1991/1992"
            >1991-1992</unitdate>
        </did>
      </c01>
      <c01>
        <did>
          <container type="Box">2</container>
          <container type="Folder">15</container>
          <unittitle><emph render="italic">Rosebuds</emph></unittitle>
          <unitdate type="inclusive" era="ce" calendar="gregorian" normal="1992/1993"
            >1992-1993</unitdate>
        </did>
      </c01>
      <c01>
        <did>
          <container type="Box">2</container>
          <container type="Folder">16</container>
          <unittitle><emph render="italic">Rosebuds</emph></unittitle>
          <unitdate type="inclusive" era="ce" calendar="gregorian" normal="1993/1994"
            >1993-1994</unitdate>
        </did>
      </c01>
      <c01>
        <did>
          <container type="Box">2</container>
          <container type="Folder">17</container>
          <unittitle><emph render="italic">Trannies in Love</emph> Fundraising Flyers and Event
            Flyers RESTRICTED</unittitle>
          <unitdate type="inclusive" era="ce" calendar="gregorian" normal="2003">2003</unitdate>
          <unitdate type="inclusive" era="ce" calendar="gregorian" normal="1969/2006"
            >Undated</unitdate>
        </did>
      </c01>
      <c01>
        <did>
          <container type="Oversized">1</container>
          <unittitle><emph render="italic">Trannies in Love</emph>, Issues 1-8</unittitle>
          <unitdate type="inclusive" era="ce" calendar="gregorian" normal="1999/2009">ca.
            2004</unitdate>
        </did>
      </c01>
      <c01>
        <did>
          <container type="DVD">3</container>
          <unittitle><emph render="italic">Trannies in Love</emph> Posters and Others</unittitle>
          <unitdate type="inclusive" era="ce" calendar="gregorian" normal="2003">2003</unitdate>
          <unitdate type="inclusive" era="ce" calendar="gregorian" normal="1969/2006"
            >Undated</unitdate>
        </did>
      </c01>
      <c01>
        <did>
          <container type="DVD">4</container>
          <unittitle>Trans E-Lists, TCDO and TGIC</unittitle>
          <unitdate type="inclusive" era="ce" calendar="gregorian" normal="2000/2004"
            >2000-2004</unitdate>
        </did>
      </c01>
      <c01>
        <did>
          <container type="DVD">5</container>
          <unittitle>Trans Gender Forum, Vols. 1 &amp; 2</unittitle>
          <unitdate type="inclusive" era="ce" calendar="gregorian" normal="1995/1996"
            >1995-1996</unitdate>
        </did>
      </c01>
      <c01>
        <did>
          <container type="Box">2</container>
          <container type="Folder">18</container>
          <unittitle><emph render="italic">Transgender Tapestry</emph></unittitle>
          <unitdate type="inclusive" era="ce" calendar="gregorian" normal="1995/1996"
            >1995-1996</unitdate>
        </did>
      </c01>
      <c01>
        <did>
          <container type="Box">2</container>
          <container type="Folder">19</container>
          <unittitle><emph render="italic">Transgender Tapestry</emph></unittitle>
          <unitdate type="inclusive" era="ce" calendar="gregorian" normal="1996">1996</unitdate>
        </did>
      </c01>
      <c01>
        <did>
          <container type="Box">2</container>
          <container type="Folder">20</container>
          <unittitle><emph render="italic">Transgender Tapestry</emph></unittitle>
          <unitdate type="inclusive" era="ce" calendar="gregorian" normal="1997/1998"
            >1997-1998</unitdate>
        </did>
      </c01>
      <c01>
        <did>
          <container type="Box">2</container>
          <container type="Folder">21</container>
          <unittitle><emph render="italic">Transgender Tapestry</emph></unittitle>
          <unitdate type="inclusive" era="ce" calendar="gregorian" normal="1998">1998</unitdate>
        </did>
      </c01>
      <c01>
        <did>
          <container type="Box">2</container>
          <container type="Folder">22</container>
          <unittitle><emph render="italic">Transgender Tapestry</emph></unittitle>
          <unitdate type="inclusive" era="ce" calendar="gregorian" normal="1999">1999</unitdate>
        </did>
      </c01>
      <c01>
        <did>
          <container type="Box">3</container>
          <container type="Folder">1</container>
          <unittitle><emph render="italic">Transgender Tapestry</emph></unittitle>
          <unitdate type="inclusive" era="ce" calendar="gregorian" normal="2000">2000</unitdate>
        </did>
      </c01>
      <c01>
        <did>
          <container type="Box">3</container>
          <container type="Folder">2</container>
          <unittitle><emph render="italic">Transgender Tapestry</emph></unittitle>
          <unitdate type="inclusive" era="ce" calendar="gregorian" normal="2001">2001</unitdate>
        </did>
      </c01>
      <c01>
        <did>
          <container type="Box">3</container>
          <container type="Folder">3</container>
          <unittitle><emph render="italic">Transgender Tapestry</emph></unittitle>
          <unitdate type="inclusive" era="ce" calendar="gregorian" normal="2002">2002</unitdate>
        </did>
      </c01>
      <c01>
        <did>
          <container type="Box">3</container>
          <container type="Folder">4</container>
          <unittitle><emph render="italic">Transgender Tapestry</emph></unittitle>
          <unitdate type="inclusive" era="ce" calendar="gregorian" normal="2004/2005"
            >2004-2005</unitdate>
        </did>
      </c01>
      <c01>
        <did>
          <container type="Box">3</container>
          <container type="Folder">5</container>
          <unittitle><emph render="italic">Transgenderist</emph>, RESTRICTED</unittitle>
          <unitdate type="inclusive" era="ce" calendar="gregorian" normal="1992">1992</unitdate>
          <unitdate type="inclusive" era="ce" calendar="gregorian" normal="1994">1994</unitdate>
        </did>
      </c01>
      <c01>
        <did>
          <container type="Box">3</container>
          <container type="Folder">6</container>
          <unittitle><emph render="italic">Transgenderist</emph>, RESTRICTED</unittitle>
          <unitdate type="inclusive" era="ce" calendar="gregorian" normal="1995/1996"
            >1995-1996</unitdate>
        </did>
      </c01>
      <c01>
        <did>
          <container type="Box">3</container>
          <container type="Folder">7</container>
          <unittitle><emph render="italic">Transgenderist</emph>, RESTRICTED</unittitle>
          <unitdate type="inclusive" era="ce" calendar="gregorian" normal="1997/1998"
            >1997-1998</unitdate>
        </did>
      </c01>
      <c01>
        <did>
          <container type="Box">3</container>
          <container type="Folder">8</container>
          <unittitle><emph render="italic">Transgenderist</emph>, RESTRICTED</unittitle>
          <unitdate type="inclusive" era="ce" calendar="gregorian" normal="1999/2000"
            >1999-2000</unitdate>
        </did>
      </c01>
      <c01>
        <did>
          <container type="Box">3</container>
          <container type="Folder">9</container>
          <unittitle><emph render="italic">Transgenderist</emph>, RESTRICTED</unittitle>
          <unitdate type="inclusive" era="ce" calendar="gregorian" normal="2001">2001</unitdate>
        </did>
      </c01>
      <c01>
        <did>
          <container type="Box">3</container>
          <container type="Folder">10</container>
          <unittitle><emph render="italic">Transvestia</emph></unittitle>
          <unitdate type="inclusive" era="ce" calendar="gregorian" normal="1986">1986</unitdate>
        </did>
      </c01>
      <c01>
        <did>
          <container type="Oversized">1</container>
          <unittitle><emph render="italic">Transvestite Sex Review</emph>, RESTRICTED</unittitle>
          <unitdate type="inclusive" era="ce" calendar="gregorian" normal="1969/2006"
            >Undated</unitdate>
        </did>
      </c01>
      <c01>
        <did>
          <container type="Box">3</container>
          <container type="Folder">11</container>
          <unittitle>TGIC, Butterfly, EON Joint Newsletter, RESTRICTED</unittitle>
          <unitdate type="inclusive" era="ce" calendar="gregorian" normal="1987/1989"
            >1987-1989</unitdate>
        </did>
      </c01>
      <c01>
        <did>
          <container type="Box">3</container>
          <container type="Folder">12-18</container>
          <unittitle>TGIC E-List Archive, RESTRICTED</unittitle>
          <unitdate type="inclusive" era="ce" calendar="gregorian" normal="2000/2003"
            >2000-2003</unitdate>
        </did>
      </c01>
      <c01>
        <did>
          <container type="Box">3</container>
          <container type="Folder">19</container>
          <unittitle><emph render="italic">TGIC News</emph>, RESTRICTED</unittitle>
          <unitdate type="inclusive" era="ce" calendar="gregorian" normal="1990/1993"
            >1990-1993</unitdate>
        </did>
      </c01>
      <c01>
        <did>
          <container type="Box">3</container>
          <container type="Folder">20</container>
          <unittitle>TGIC Pamphlets and Price Schedule</unittitle>
          <unitdate type="inclusive" era="ce" calendar="gregorian" normal="1987">1987</unitdate>
          <unitdate type="inclusive" era="ce" calendar="gregorian" normal="1969/2006"
            >Undated</unitdate>
        </did>
      </c01>
      <c01>
        <did>
          <container type="Box">3</container>
          <container type="Folder">21</container>
          <unittitle><emph render="italic">TVIC Journal</emph>, RESTRICTED</unittitle>
          <unitdate type="inclusive" era="ce" calendar="gregorian" normal="1974/1976"
            >1974-1976</unitdate>
        </did>
      </c01>
      <c01>
        <did>
          <container type="Box">3</container>
          <container type="Folder">22</container>
          <unittitle><emph render="italic">TVIC Journal</emph>, RESTRICTED</unittitle>
          <unitdate type="inclusive" era="ce" calendar="gregorian" normal="1977/1978"
            >1977-1978</unitdate>
        </did>
      </c01>
      <c01>
        <did>
          <container type="Box">4</container>
          <container type="Folder">1</container>
          <unittitle><emph render="italic">TVIC Journal</emph>, RESTRICTED</unittitle>
          <unitdate type="inclusive" era="ce" calendar="gregorian" normal="1979/1980"
            >1979-1980</unitdate>
        </did>
      </c01>
      <c01>
        <did>
          <container type="Box">4</container>
          <container type="Folder">2</container>
          <unittitle><emph render="italic">TVIC Journal</emph>, RESTRICTED</unittitle>
          <unitdate type="inclusive" era="ce" calendar="gregorian" normal="1981/1984"
            >1981-1984</unitdate>
        </did>
      </c01>
      <c01>
        <did>
          <container type="Box">4</container>
          <container type="Folder">3</container>
          <unittitle>TVIC Membership List, RESTRICTED</unittitle>
          <unitdate type="inclusive" era="ce" calendar="gregorian" normal="1967">1967</unitdate>
        </did>
      </c01>
      <c01>
        <did>
          <container type="Box">4</container>
          <container type="Folder">4</container>
          <unittitle>TVIC Newsletter, RESTRICTED</unittitle>
          <unitdate type="inclusive" era="ce" calendar="gregorian" normal="1973/1974"
            >1973-1974</unitdate>
        </did>
      </c01>
      <c01>
        <did>
          <container type="Box">4</container>
          <container type="Folder">5</container>
          <unittitle><emph render="italic">TV Times</emph>, Article talking about first Fantasia
            Fair, RESTRICTED</unittitle>
          <unitdate type="inclusive" era="ce" calendar="gregorian" normal="1970/1980">ca.
            1975</unitdate>
        </did>
      </c01>
      <c01>
        <did>
          <container type="Box">4</container>
          <container type="Folder">6</container>
          <unittitle><emph render="italic">TV-TS Tapestry</emph></unittitle>
          <unitdate type="inclusive" era="ce" calendar="gregorian" normal="1988/1989"
            >1988-1989</unitdate>
        </did>
      </c01>
      <c01>
        <did>
          <container type="Box">4</container>
          <container type="Folder">7</container>
          <unittitle><emph render="italic">TV-TS Tapestry</emph></unittitle>
          <unitdate type="inclusive" era="ce" calendar="gregorian" normal="1989/1990"
            >1989-1990</unitdate>
        </did>
      </c01>
      <c01>
        <did>
          <container type="Box">4</container>
          <container type="Folder">8</container>
          <unittitle><emph render="italic">TV-TS Tapestry</emph></unittitle>
          <unitdate type="inclusive" era="ce" calendar="gregorian" normal="1991">1991</unitdate>
        </did>
      </c01>
      <c01>
        <did>
          <container type="Box">5</container>
          <container type="Folder">1</container>
          <unittitle><emph render="italic">TV-TS Tapestry</emph></unittitle>
          <unitdate type="inclusive" era="ce" calendar="gregorian" normal="1991/1992"
            >1991-1992</unitdate>
        </did>
      </c01>
      <c01>
        <did>
          <container type="Box">5</container>
          <container type="Folder">2</container>
          <unittitle><emph render="italic">TV/TS Tapestry</emph></unittitle>
          <unitdate type="inclusive" era="ce" calendar="gregorian" normal="1992/1993"
            >1992-1993</unitdate>
        </did>
      </c01>
      <c01>
        <did>
          <container type="Box">5</container>
          <container type="Folder">3</container>
          <unittitle><emph render="italic">TV/TS Tapestry Journal</emph></unittitle>
          <unitdate type="inclusive" era="ce" calendar="gregorian" normal="1993/1994"
            >1993-1994</unitdate>
        </did>
      </c01>
      <c01>
        <did>
          <container type="Box">5</container>
          <container type="Folder">4</container>
          <unittitle><emph render="italic">TV/TS Tapestry Journal</emph></unittitle>
          <unitdate type="inclusive" era="ce" calendar="gregorian" normal="1994/1995"
            >1994-1995</unitdate>
        </did>
      </c01>
      <c01>
        <did>
          <container type="Box">5</container>
          <container type="Folder">5</container>
          <unittitle><emph render="italic">TV/TS Tapestry Journal</emph></unittitle>
          <unitdate type="inclusive" era="ce" calendar="gregorian" normal="1995">1995</unitdate>
        </did>
      </c01>
      <c01>
        <did>
          <container type="Box">5</container>
          <container type="Folder">6</container>
          <unittitle><emph render="italic">Who's Who in the Transgendered
            Community</emph></unittitle>
          <unitdate type="inclusive" era="ce" calendar="gregorian" normal="1993">1993</unitdate>
        </did>
      </c01>
    </dsc>
  </archdesc>
</ead>
